date,R,pnl_usd,equity_usd,sample
2020-02-08 00:00:00+00:00,0.923285,376.05,100376.05,early
2020-02-09 00:00:00+00:00,0.0,0.0,100376.05,early
2020-02-10 00:00:00+00:00,0.0,0.0,100376.05,early
2020-02-11 00:00:00+00:00,0.285478,116.71,100492.77,early
2020-02-12 00:00:00+00:00,2.098787,859.05,101351.81,early
2020-02-13 00:00:00+00:00,0.0,0.0,101351.81,early
2020-02-14 00:00:00+00:00,0.962913,397.5,101749.31,early
2020-02-15 00:00:00+00:00,0.0,0.0,101749.31,early
2020-02-16 00:00:00+00:00,-0.807847,-334.79,101414.52,early
2020-02-17 00:00:00+00:00,0.0,0.0,101414.52,early
2020-02-18 00:00:00+00:00,0.0,0.0,101414.52,early
2020-02-19 00:00:00+00:00,0.0,0.0,101414.52,early
2020-02-20 00:00:00+00:00,0.0,0.0,101414.52,early
2020-02-21 00:00:00+00:00,0.0,0.0,101414.52,early
2020-02-22 00:00:00+00:00,0.0,0.0,101414.52,early
2020-02-23 00:00:00+00:00,0.0,0.0,101414.52,early
2020-02-24 00:00:00+00:00,0.0,0.0,101414.52,early
2020-02-25 00:00:00+00:00,0.173632,67.0,101481.52,early
2020-02-26 00:00:00+00:00,0.0,0.0,101481.52,early
2020-02-27 00:00:00+00:00,0.0,0.0,101481.52,early
2020-02-28 00:00:00+00:00,0.0,0.0,101481.52,early
2020-02-29 00:00:00+00:00,0.347705,136.15,101617.67,early
2020-03-01 00:00:00+00:00,0.0,0.0,101617.67,early
2020-03-02 00:00:00+00:00,0.0,0.0,101617.67,early
2020-03-03 00:00:00+00:00,0.0,0.0,101617.67,early
2020-03-04 00:00:00+00:00,0.368346,150.03,101767.7,early
2020-03-05 00:00:00+00:00,0.0,0.0,101767.7,early
2020-03-06 00:00:00+00:00,0.097078,39.6,101807.3,early
2020-03-07 00:00:00+00:00,-1.239855,-505.95,101301.35,early
2020-03-08 00:00:00+00:00,-0.874822,-319.31,100982.04,early
2020-03-09 00:00:00+00:00,0.0,0.0,100982.04,early
2020-03-10 00:00:00+00:00,0.0,0.0,100982.04,early
2020-03-11 00:00:00+00:00,3.107091,1050.32,102032.35,early
2020-03-12 00:00:00+00:00,0.0,0.0,102032.35,early
2020-03-13 00:00:00+00:00,-0.635519,-259.92,101772.43,early
2020-03-14 00:00:00+00:00,0.0,0.0,101772.43,early
2020-03-15 00:00:00+00:00,10.665714,4125.63,105898.06,early
2020-03-16 00:00:00+00:00,0.0,0.0,105898.06,early
2020-03-17 00:00:00+00:00,0.0,0.0,105898.06,early
2020-03-18 00:00:00+00:00,0.0,0.0,105898.06,early
2020-03-19 00:00:00+00:00,0.508133,215.82,106113.88,early
2020-03-20 00:00:00+00:00,-0.294791,-125.47,105988.41,early
2020-03-21 00:00:00+00:00,0.0,0.0,105988.41,early
2020-03-22 00:00:00+00:00,3.796626,1575.2,107563.61,early
2020-03-23 00:00:00+00:00,-0.037309,-16.1,107547.51,early
2020-03-24 00:00:00+00:00,0.0,0.0,107547.51,early
2020-03-25 00:00:00+00:00,0.0,0.0,107547.51,early
2020-03-26 00:00:00+00:00,1.158088,498.14,108045.65,early
2020-03-27 00:00:00+00:00,1.280889,555.24,108600.89,early
2020-03-28 00:00:00+00:00,-0.111259,-48.48,108552.41,early
2020-03-29 00:00:00+00:00,0.0,0.0,108552.41,early
2020-03-30 00:00:00+00:00,0.0,0.0,108552.41,early
2020-03-31 00:00:00+00:00,0.0,0.0,108552.41,early
2020-04-01 00:00:00+00:00,0.0,0.0,108552.41,early
2020-04-02 00:00:00+00:00,0.0,0.0,108552.41,early
2020-04-03 00:00:00+00:00,0.0,0.0,108552.41,early
2020-04-04 00:00:00+00:00,0.0,0.0,108552.41,early
2020-04-05 00:00:00+00:00,0.023123,9.42,108561.83,early
2020-04-06 00:00:00+00:00,0.0,0.0,108561.83,early
2020-04-07 00:00:00+00:00,0.363123,147.91,108709.74,early
2020-04-08 00:00:00+00:00,0.0,0.0,108709.74,early
2020-04-09 00:00:00+00:00,1.816556,741.05,109450.79,early
2020-04-10 00:00:00+00:00,-0.612076,-251.54,109199.25,early
2020-04-11 00:00:00+00:00,0.027781,10.82,109210.07,early
2020-04-12 00:00:00+00:00,0.0,0.0,109210.07,early
2020-04-13 00:00:00+00:00,0.680887,265.83,109475.9,early
2020-04-14 00:00:00+00:00,0.0,0.0,109475.9,early
2020-04-15 00:00:00+00:00,-0.040371,-16.59,109459.31,early
2020-04-16 00:00:00+00:00,-1.105641,-452.92,109006.39,early
2020-04-17 00:00:00+00:00,0.0,0.0,109006.39,early
2020-04-18 00:00:00+00:00,-0.209494,-77.74,108928.65,early
2020-04-19 00:00:00+00:00,-0.75095,-273.72,108654.93,early
2020-04-20 00:00:00+00:00,0.505937,172.72,108827.65,early
2020-04-21 00:00:00+00:00,-0.050995,-18.15,108809.5,early
2020-04-22 00:00:00+00:00,0.0,0.0,108809.5,early
2020-04-23 00:00:00+00:00,0.0,0.0,108809.5,early
2020-04-24 00:00:00+00:00,-0.500555,-177.41,108632.09,early
2020-04-25 00:00:00+00:00,-0.301007,-102.18,108529.91,early
2020-04-26 00:00:00+00:00,0.001211,0.4,108530.31,early
2020-04-27 00:00:00+00:00,0.01922,6.36,108536.67,early
2020-04-28 00:00:00+00:00,0.0,0.0,108536.67,early
2020-04-29 00:00:00+00:00,0.576736,191.15,108727.83,early
2020-04-30 00:00:00+00:00,0.256756,89.23,108817.06,early
2020-05-01 00:00:00+00:00,0.616516,251.11,109068.16,early
2020-05-02 00:00:00+00:00,1.960519,800.52,109868.69,early
2020-05-03 00:00:00+00:00,0.906684,373.18,110241.86,early
2020-05-04 00:00:00+00:00,-0.091647,-37.86,110204.01,early
2020-05-05 00:00:00+00:00,0.153407,62.88,110266.88,early
2020-05-06 00:00:00+00:00,0.29375,121.38,110388.26,early
2020-05-07 00:00:00+00:00,0.840077,347.54,110735.8,early
2020-05-08 00:00:00+00:00,0.164331,68.22,110804.02,early
2020-05-09 00:00:00+00:00,0.0,0.0,110804.02,early
2020-05-10 00:00:00+00:00,-2.109913,-876.44,109927.57,early
2020-05-11 00:00:00+00:00,0.0,0.0,109927.57,early
2020-05-12 00:00:00+00:00,0.957264,326.47,110254.04,early
2020-05-13 00:00:00+00:00,0.0,0.0,110254.04,early
2020-05-14 00:00:00+00:00,0.0,0.0,110254.04,early
2020-05-15 00:00:00+00:00,0.0,0.0,110254.04,early
2020-05-16 00:00:00+00:00,0.622512,229.45,110483.49,early
2020-05-17 00:00:00+00:00,0.0,0.0,110483.49,early
2020-05-18 00:00:00+00:00,0.0,0.0,110483.49,early
2020-05-19 00:00:00+00:00,-0.402848,-156.33,110327.17,early
2020-05-20 00:00:00+00:00,-0.409108,-153.33,110173.84,early
2020-05-21 00:00:00+00:00,-0.778561,-281.69,109892.15,early
2020-05-22 00:00:00+00:00,-0.490706,-165.89,109726.26,early
2020-05-23 00:00:00+00:00,1.244054,403.24,110129.5,early
2020-05-24 00:00:00+00:00,0.009166,3.28,110132.78,early
2020-05-25 00:00:00+00:00,0.0,0.0,110132.78,early
2020-05-26 00:00:00+00:00,0.0,0.0,110132.78,early
2020-05-27 00:00:00+00:00,-0.227143,-81.39,110051.39,early
2020-05-28 00:00:00+00:00,-0.235541,-82.79,109968.6,early
2020-05-29 00:00:00+00:00,-0.111094,-38.27,109930.33,early
2020-05-30 00:00:00+00:00,0.0,0.0,109930.33,early
2020-05-31 00:00:00+00:00,-0.554841,-189.35,109740.98,early
2020-06-01 00:00:00+00:00,0.0,0.0,109740.98,early
2020-06-02 00:00:00+00:00,-0.666686,-271.54,109469.44,early
2020-06-03 00:00:00+00:00,0.0,0.0,109469.44,early
2020-06-04 00:00:00+00:00,1.036368,398.1,109867.54,early
2020-06-05 00:00:00+00:00,0.0,0.0,109867.54,early
2020-06-06 00:00:00+00:00,0.257979,105.21,109972.75,early
2020-06-07 00:00:00+00:00,-0.005684,-2.32,109970.43,early
2020-06-08 00:00:00+00:00,0.186968,76.29,110046.72,early
2020-06-09 00:00:00+00:00,0.0,0.0,110046.72,early
2020-06-10 00:00:00+00:00,0.0,0.0,110046.72,early
2020-06-11 00:00:00+00:00,0.105986,43.3,110090.02,early
2020-06-12 00:00:00+00:00,0.0,0.0,110090.02,early
2020-06-13 00:00:00+00:00,0.0,0.0,110090.02,early
2020-06-14 00:00:00+00:00,0.710078,290.22,110380.24,early
2020-06-15 00:00:00+00:00,-0.543687,-222.86,110157.39,early
2020-06-16 00:00:00+00:00,0.0,0.0,110157.39,early
2020-06-17 00:00:00+00:00,-0.289043,-112.98,110044.4,early
2020-06-18 00:00:00+00:00,1.018443,388.3,110432.7,early
2020-06-19 00:00:00+00:00,0.0,0.0,110432.7,early
2020-06-20 00:00:00+00:00,0.0,0.0,110432.7,early
2020-06-21 00:00:00+00:00,0.0,0.0,110432.7,early
2020-06-22 00:00:00+00:00,-0.27512,-112.83,110319.87,early
2020-06-23 00:00:00+00:00,0.0,0.0,110319.87,early
2020-06-24 00:00:00+00:00,-2.047076,-819.81,109500.07,early
2020-06-25 00:00:00+00:00,1.722495,570.23,110070.3,early
2020-06-26 00:00:00+00:00,0.0,0.0,110070.3,early
2020-06-27 00:00:00+00:00,-0.023387,-8.87,110061.43,early
2020-06-28 00:00:00+00:00,-2.752195,-1041.63,109019.8,early
2020-06-29 00:00:00+00:00,0.448536,130.47,109150.27,early
2020-06-30 00:00:00+00:00,0.042293,12.76,109163.03,early
2020-07-01 00:00:00+00:00,0.0,0.0,109163.03,early
2020-07-02 00:00:00+00:00,-0.103905,-42.08,109120.96,early
2020-07-03 00:00:00+00:00,0.372389,149.46,109270.41,early
2020-07-04 00:00:00+00:00,0.959602,389.01,109659.42,early
2020-07-05 00:00:00+00:00,0.0,0.0,109659.42,early
2020-07-06 00:00:00+00:00,0.364811,148.47,109807.89,early
2020-07-07 00:00:00+00:00,-0.200566,-81.75,109726.14,early
2020-07-08 00:00:00+00:00,2.744091,1099.24,110825.39,early
2020-07-09 00:00:00+00:00,5.443856,2241.33,113066.71,early
2020-07-10 00:00:00+00:00,-0.931101,-391.85,112674.86,early
2020-07-11 00:00:00+00:00,0.10402,40.3,112715.17,early
2020-07-12 00:00:00+00:00,0.0,0.0,112715.17,early
2020-07-13 00:00:00+00:00,7.252712,2834.9,115550.06,early
2020-07-14 00:00:00+00:00,0.175689,75.71,115625.78,early
2020-07-15 00:00:00+00:00,3.994596,1722.74,117348.52,early
2020-07-16 00:00:00+00:00,-0.915125,-401.09,116947.44,early
2020-07-17 00:00:00+00:00,0.0,0.0,116947.44,early
2020-07-18 00:00:00+00:00,-0.160053,-64.68,116882.76,early
2020-07-19 00:00:00+00:00,-0.743213,-296.25,116586.51,early
2020-07-20 00:00:00+00:00,4.601785,1718.99,118305.49,early
2020-07-21 00:00:00+00:00,-1.378268,-609.45,117696.05,early
2020-07-22 00:00:00+00:00,2.83837,1107.91,118803.96,early
2020-07-23 00:00:00+00:00,-1.581118,-702.35,118101.6,early
2020-07-24 00:00:00+00:00,4.280416,1645.85,119747.46,early
2020-07-25 00:00:00+00:00,3.623784,1623.66,121371.12,early
2020-07-26 00:00:00+00:00,1.022204,464.77,121835.88,early
2020-07-27 00:00:00+00:00,0.292918,133.74,121969.62,early
2020-07-28 00:00:00+00:00,18.965269,8669.16,130638.78,early
2020-07-29 00:00:00+00:00,10.226012,5035.46,135674.24,early
2020-07-30 00:00:00+00:00,2.844329,1458.93,137133.17,early
2020-07-31 00:00:00+00:00,3.382751,1755.2,138888.37,early
2020-08-01 00:00:00+00:00,0.337071,137.29,139025.66,early
2020-08-02 00:00:00+00:00,-5.682499,-2317.66,136708.0,early
2020-08-03 00:00:00+00:00,0.0,0.0,136708.0,early
2020-08-04 00:00:00+00:00,24.724543,5290.87,141998.87,early
2020-08-05 00:00:00+00:00,25.417471,10674.55,152673.42,early
2020-08-06 00:00:00+00:00,4.296132,1991.03,154664.44,early
2020-08-07 00:00:00+00:00,-0.263011,-124.02,154540.42,early
2020-08-08 00:00:00+00:00,0.841956,388.11,154928.53,early
2020-08-09 00:00:00+00:00,1.019177,481.7,155410.22,early
2020-08-10 00:00:00+00:00,-0.765713,-363.4,155046.82,early
2020-08-11 00:00:00+00:00,0.947706,420.41,155467.23,early
2020-08-12 00:00:00+00:00,0.0,0.0,155467.23,early
2020-08-13 00:00:00+00:00,-0.947667,-449.98,155017.25,early
2020-08-14 00:00:00+00:00,-0.934667,-407.96,154609.29,early
2020-08-15 00:00:00+00:00,-0.043492,-17.48,154591.8,early
2020-08-16 00:00:00+00:00,4.596971,1841.01,156432.82,early
2020-08-17 00:00:00+00:00,-0.221087,-105.85,156326.97,early
2020-08-18 00:00:00+00:00,-1.620138,-761.0,155565.97,early
2020-08-19 00:00:00+00:00,-2.146827,-869.76,154696.21,early
2020-08-20 00:00:00+00:00,11.771172,3911.7,158607.91,early
2020-08-21 00:00:00+00:00,10.726339,5230.35,163838.27,early
2020-08-22 00:00:00+00:00,2.33576,1188.72,165026.98,early
2020-08-23 00:00:00+00:00,0.0,0.0,165026.98,early
2020-08-24 00:00:00+00:00,-2.340277,-1202.35,163824.64,early
2020-08-25 00:00:00+00:00,0.0,0.0,163824.64,early
2020-08-26 00:00:00+00:00,0.0,0.0,163824.64,early
2020-08-27 00:00:00+00:00,-1.696893,-698.88,163125.76,early
2020-08-28 00:00:00+00:00,0.97901,346.06,163471.82,early
2020-08-29 00:00:00+00:00,-0.346993,-132.66,163339.16,early
2020-08-30 00:00:00+00:00,-2.298521,-853.3,162485.86,early
2020-08-31 00:00:00+00:00,0.038697,11.63,162497.5,early
2020-09-01 00:00:00+00:00,1.467872,597.86,163095.36,early
2020-09-02 00:00:00+00:00,-4.767196,-1953.29,161142.07,early
2020-09-03 00:00:00+00:00,-1.658399,-407.56,160734.51,early
2020-09-04 00:00:00+00:00,1.668479,354.25,161088.76,early
2020-09-05 00:00:00+00:00,0.0,0.0,161088.76,early
2020-09-06 00:00:00+00:00,1.25976,304.06,161392.83,early
2020-09-07 00:00:00+00:00,0.0,0.0,161392.83,early
2020-09-08 00:00:00+00:00,0.085783,22.86,161415.68,early
2020-09-09 00:00:00+00:00,0.0,0.0,161415.68,early
2020-09-10 00:00:00+00:00,-0.045267,-12.15,161403.54,early
2020-09-11 00:00:00+00:00,0.0,0.0,161403.54,early
2020-09-12 00:00:00+00:00,-0.052067,-13.92,161389.62,early
2020-09-13 00:00:00+00:00,-1.105356,-294.24,161095.38,early
2020-09-14 00:00:00+00:00,0.0,0.0,161095.38,early
2020-09-15 00:00:00+00:00,0.0,0.0,161095.38,early
2020-09-16 00:00:00+00:00,0.0,0.0,161095.38,early
2020-09-17 00:00:00+00:00,0.906375,219.26,161314.64,early
2020-09-18 00:00:00+00:00,0.201448,52.38,161367.01,early
2020-09-19 00:00:00+00:00,-0.095094,-25.14,161341.88,early
2020-09-20 00:00:00+00:00,2.116564,555.06,161896.93,early
2020-09-21 00:00:00+00:00,-0.474812,-146.43,161750.5,early
2020-09-22 00:00:00+00:00,0.787881,233.35,161983.85,early
2020-09-23 00:00:00+00:00,0.851542,268.8,162252.65,early
2020-09-24 00:00:00+00:00,-0.041333,-13.98,162238.67,early
2020-09-25 00:00:00+00:00,-0.964913,-325.23,161913.45,early
2020-09-26 00:00:00+00:00,-0.5823,-180.38,161733.06,early
2020-09-27 00:00:00+00:00,0.118724,34.99,161768.05,early
2020-09-28 00:00:00+00:00,-0.003977,-1.18,161766.87,early
2020-09-29 00:00:00+00:00,0.19065,56.72,161823.6,early
2020-09-30 00:00:00+00:00,0.0,0.0,161823.6,early
2020-10-01 00:00:00+00:00,-1.276456,-516.4,161307.2,early
2020-10-02 00:00:00+00:00,-1.044973,-376.82,160930.38,early
2020-10-03 00:00:00+00:00,1.526904,502.06,161432.44,early
2020-10-04 00:00:00+00:00,-0.725988,-269.5,161162.93,early
2020-10-05 00:00:00+00:00,-0.929119,-323.71,160839.22,early
2020-10-06 00:00:00+00:00,-1.208996,-388.27,160450.95,early
2020-10-07 00:00:00+00:00,0.0,0.0,160450.95,early
2020-10-08 00:00:00+00:00,-1.967847,-568.11,159882.84,early
2020-10-09 00:00:00+00:00,-0.187861,-45.4,159837.45,early
2020-10-10 00:00:00+00:00,0.0,0.0,159837.45,early
2020-10-11 00:00:00+00:00,0.773328,183.98,160021.43,early
2020-10-12 00:00:00+00:00,1.361687,344.61,160366.04,early
2020-10-13 00:00:00+00:00,-0.002848,-0.8,160365.24,early
2020-10-14 00:00:00+00:00,-1.164486,-327.87,160037.36,early
2020-10-15 00:00:00+00:00,0.912148,232.04,160269.4,early
2020-10-16 00:00:00+00:00,-1.182634,-323.57,159945.83,early
2020-10-17 00:00:00+00:00,0.0,0.0,159945.83,early
2020-10-18 00:00:00+00:00,0.0,0.0,159945.83,early
2020-10-19 00:00:00+00:00,0.667913,164.87,160110.7,early
2020-10-20 00:00:00+00:00,-0.813254,-211.81,159898.88,early
2020-10-21 00:00:00+00:00,-3.37934,-821.07,159077.82,early
2020-10-22 00:00:00+00:00,1.021618,179.69,159257.5,early
2020-10-23 00:00:00+00:00,4.538257,864.4,160121.9,early
2020-10-24 00:00:00+00:00,2.717045,710.18,160832.08,early
2020-10-25 00:00:00+00:00,0.130595,41.86,160873.95,early
2020-10-26 00:00:00+00:00,2.609856,845.77,161719.72,early
2020-10-27 00:00:00+00:00,-1.594366,-630.86,161088.86,early
2020-10-28 00:00:00+00:00,-1.216561,-416.25,160672.61,early
2020-10-29 00:00:00+00:00,-1.335076,-410.13,160262.48,early
2020-10-30 00:00:00+00:00,0.0,0.0,160262.48,early
2020-10-31 00:00:00+00:00,0.0,0.0,160262.48,early
2020-11-01 00:00:00+00:00,-2.164538,-861.91,159400.57,early
2020-11-02 00:00:00+00:00,-1.262777,-410.52,158990.05,early
2020-11-03 00:00:00+00:00,0.0,0.0,158990.05,early
2020-11-04 00:00:00+00:00,0.176952,51.44,159041.49,early
2020-11-05 00:00:00+00:00,-1.501727,-443.02,158598.47,early
2020-11-06 00:00:00+00:00,-0.790414,-204.07,158394.41,early
2020-11-07 00:00:00+00:00,5.926334,1430.16,159824.57,early
2020-11-08 00:00:00+00:00,4.803186,1733.47,161558.04,early
2020-11-09 00:00:00+00:00,0.333908,134.72,161692.76,early
2020-11-10 00:00:00+00:00,0.0,0.0,161692.76,early
2020-11-11 00:00:00+00:00,0.0,0.0,161692.76,early
2020-11-12 00:00:00+00:00,1.682566,679.79,162372.56,early
2020-11-13 00:00:00+00:00,1.563028,635.83,163008.38,early
2020-11-14 00:00:00+00:00,-0.04134,-16.92,162991.46,early
2020-11-15 00:00:00+00:00,-0.355117,-144.86,162846.59,early
2020-11-16 00:00:00+00:00,-0.129352,-51.17,162795.43,early
2020-11-17 00:00:00+00:00,0.0,0.0,162795.43,early
2020-11-18 00:00:00+00:00,-2.15355,-842.48,161952.95,early
2020-11-19 00:00:00+00:00,7.705855,2465.95,164418.9,early
2020-11-20 00:00:00+00:00,12.697698,5271.14,169690.04,early
2020-11-21 00:00:00+00:00,-0.278432,-121.56,169568.48,early
2020-11-22 00:00:00+00:00,-1.62736,-693.6,168874.89,early
2020-11-23 00:00:00+00:00,3.206657,1178.05,170052.94,early
2020-11-24 00:00:00+00:00,1.271494,557.01,170609.95,early
2020-11-25 00:00:00+00:00,-1.73211,-762.72,169847.22,early
2020-11-26 00:00:00+00:00,-2.286172,-858.55,168988.67,early
2020-11-27 00:00:00+00:00,2.713193,823.86,169812.53,early
2020-11-28 00:00:00+00:00,0.0,0.0,169812.53,early
2020-11-29 00:00:00+00:00,-0.304749,-113.55,169698.98,early
2020-11-30 00:00:00+00:00,-2.210152,-802.39,168896.58,early
2020-12-01 00:00:00+00:00,0.739648,301.26,169197.84,early
2020-12-02 00:00:00+00:00,0.0,0.0,169197.84,early
2020-12-03 00:00:00+00:00,0.0,0.0,169197.84,early
2020-12-04 00:00:00+00:00,3.488122,1424.99,170622.83,early
2020-12-05 00:00:00+00:00,9.430428,3907.32,174530.15,early
2020-12-06 00:00:00+00:00,0.658971,283.52,174813.67,early
2020-12-07 00:00:00+00:00,-0.637965,-275.22,174538.45,early
2020-12-08 00:00:00+00:00,0.0,0.0,174538.45,early
2020-12-09 00:00:00+00:00,-1.076751,-439.23,174099.23,early
2020-12-10 00:00:00+00:00,0.0,0.0,174099.23,early
2020-12-11 00:00:00+00:00,1.113065,412.6,174511.82,early
2020-12-12 00:00:00+00:00,0.531426,215.57,174727.4,early
2020-12-13 00:00:00+00:00,-1.400181,-593.71,174133.68,early
2020-12-14 00:00:00+00:00,0.0,0.0,174133.68,early
2020-12-15 00:00:00+00:00,-0.022568,-8.43,174125.25,early
2020-12-16 00:00:00+00:00,-0.574518,-214.23,173911.02,early
2020-12-17 00:00:00+00:00,0.805649,285.86,174196.88,early
2020-12-18 00:00:00+00:00,0.0,0.0,174196.88,early
2020-12-19 00:00:00+00:00,2.220511,841.43,175038.32,early
2020-12-20 00:00:00+00:00,0.739075,319.51,175357.83,early
2020-12-21 00:00:00+00:00,0.14054,60.94,175418.77,early
2020-12-22 00:00:00+00:00,-0.097223,-42.18,175376.59,early
2020-12-23 00:00:00+00:00,1.349258,580.53,175957.12,early
2020-12-24 00:00:00+00:00,0.402069,175.33,176132.45,early
2020-12-25 00:00:00+00:00,-0.212625,-92.87,176039.58,early
2020-12-26 00:00:00+00:00,0.0,0.0,176039.58,early
2020-12-27 00:00:00+00:00,-0.489346,-209.85,175829.73,early
2020-12-28 00:00:00+00:00,3.129642,1286.12,177115.85,early
2020-12-29 00:00:00+00:00,-0.23795,-104.88,177010.97,early
2020-12-30 00:00:00+00:00,3.481823,1503.5,178514.47,early
2020-12-31 00:00:00+00:00,-0.167031,-74.57,178439.9,early
2021-01-01 00:00:00+00:00,0.624745,254.46,178694.35,early
2021-01-02 00:00:00+00:00,1.031119,421.04,179115.4,early
2021-01-03 00:00:00+00:00,0.694056,284.6,179400.0,early
2021-01-04 00:00:00+00:00,-0.855777,-351.9,179048.09,early
2021-01-05 00:00:00+00:00,0.970007,369.78,179417.87,early
2021-01-06 00:00:00+00:00,4.120426,1694.66,181112.53,early
2021-01-07 00:00:00+00:00,-0.237041,-99.13,181013.4,early
2021-01-08 00:00:00+00:00,-1.186981,-486.32,180527.08,early
2021-01-09 00:00:00+00:00,1.225855,451.58,180978.66,early
2021-01-10 00:00:00+00:00,3.404611,1384.82,182363.49,early
2021-01-11 00:00:00+00:00,-2.032553,-860.34,181503.15,early
2021-01-12 00:00:00+00:00,-0.35076,-122.86,181380.29,early
2021-01-13 00:00:00+00:00,5.282739,1795.83,183176.11,early
2021-01-14 00:00:00+00:00,-1.56721,-668.56,182507.55,early
2021-01-15 00:00:00+00:00,6.416921,2372.69,184880.24,early
2021-01-16 00:00:00+00:00,0.0,0.0,184880.24,early
2021-01-17 00:00:00+00:00,0.478071,207.26,185087.5,early
2021-01-18 00:00:00+00:00,0.368667,160.14,185247.64,early
2021-01-19 00:00:00+00:00,0.106653,46.4,185294.04,early
2021-01-20 00:00:00+00:00,-0.91197,-396.9,184897.13,early
2021-01-21 00:00:00+00:00,-0.690971,-277.35,184619.78,early
2021-01-22 00:00:00+00:00,0.23232,87.79,184707.58,early
2021-01-23 00:00:00+00:00,0.0,0.0,184707.58,early
2021-01-24 00:00:00+00:00,-1.147454,-442.13,184265.44,early
2021-01-25 00:00:00+00:00,-0.485096,-168.84,184096.61,early
2021-01-26 00:00:00+00:00,1.269235,423.79,184520.39,early
2021-01-27 00:00:00+00:00,0.362194,133.83,184654.22,early
2021-01-28 00:00:00+00:00,2.088304,795.23,185449.46,early
2021-01-29 00:00:00+00:00,4.61692,2012.28,187461.74,early
2021-01-30 00:00:00+00:00,0.0,0.0,187461.74,early
2021-01-31 00:00:00+00:00,1.324746,588.25,188049.99,early
2021-02-01 00:00:00+00:00,0.447083,182.1,188232.09,early
2021-02-02 00:00:00+00:00,0.707351,288.63,188520.71,early
2021-02-03 00:00:00+00:00,0.0,0.0,188520.71,early
2021-02-04 00:00:00+00:00,0.255535,104.57,188625.28,early
2021-02-05 00:00:00+00:00,2.140531,876.85,189502.14,early
2021-02-06 00:00:00+00:00,1.317168,544.27,190046.41,early
2021-02-07 00:00:00+00:00,1.149169,477.4,190523.81,early
2021-02-08 00:00:00+00:00,0.0,0.0,190523.81,early
2021-02-09 00:00:00+00:00,1.80368,752.81,191276.62,early
2021-02-10 00:00:00+00:00,0.461148,193.89,191470.51,early
2021-02-11 00:00:00+00:00,1.124036,473.48,191943.99,early
2021-02-12 00:00:00+00:00,11.003632,4656.3,196600.29,early
2021-02-13 00:00:00+00:00,4.797375,2121.04,198721.33,early
2021-02-14 00:00:00+00:00,1.484441,669.13,199390.46,early
2021-02-15 00:00:00+00:00,-0.109606,-49.71,199340.76,early
2021-02-16 00:00:00+00:00,2.403886,1079.92,200420.68,early
2021-02-17 00:00:00+00:00,1.728853,791.27,201211.95,early
2021-02-18 00:00:00+00:00,0.0,0.0,201211.95,early
2021-02-19 00:00:00+00:00,0.541485,249.58,201461.53,early
2021-02-20 00:00:00+00:00,1.864867,861.43,202322.96,early
2021-02-21 00:00:00+00:00,0.0,0.0,202322.96,early
2021-02-22 00:00:00+00:00,-0.896179,-417.11,201905.84,early
2021-02-23 00:00:00+00:00,0.09952,42.78,201948.63,early
2021-02-24 00:00:00+00:00,2.130037,923.41,202872.03,early
2021-02-25 00:00:00+00:00,0.0,0.0,202872.03,early
2021-02-26 00:00:00+00:00,1.536924,718.77,203590.81,early
2021-02-27 00:00:00+00:00,0.0,0.0,203590.81,early
2021-02-28 00:00:00+00:00,13.343891,6279.6,209870.41,early
2021-03-01 00:00:00+00:00,5.016301,2043.14,211913.55,early
2021-03-02 00:00:00+00:00,0.434527,180.6,212094.15,early
2021-03-03 00:00:00+00:00,1.896158,789.48,212883.63,early
2021-03-04 00:00:00+00:00,-0.977007,-409.93,212473.7,early
2021-03-05 00:00:00+00:00,2.027931,780.03,213253.73,early
2021-03-06 00:00:00+00:00,0.0,0.0,213253.73,early
2021-03-07 00:00:00+00:00,0.013234,5.57,213259.31,early
2021-03-08 00:00:00+00:00,-0.083464,-35.15,213224.16,early
2021-03-09 00:00:00+00:00,0.2414,100.93,213325.09,early
2021-03-10 00:00:00+00:00,0.0,0.0,213325.09,early
2021-03-11 00:00:00+00:00,-0.261716,-110.28,213214.81,early
2021-03-12 00:00:00+00:00,-0.944389,-389.04,212825.77,early
2021-03-13 00:00:00+00:00,-0.446922,-169.32,212656.45,early
2021-03-14 00:00:00+00:00,0.0,0.0,212656.45,early
2021-03-15 00:00:00+00:00,-0.030748,-11.21,212645.24,early
2021-03-16 00:00:00+00:00,-0.296745,-107.89,212537.35,early
2021-03-17 00:00:00+00:00,-0.950617,-336.98,212200.37,early
2021-03-18 00:00:00+00:00,-0.090213,-29.42,212170.95,early
2021-03-19 00:00:00+00:00,-0.707298,-228.95,211941.99,early
2021-03-20 00:00:00+00:00,-0.920764,-280.44,211661.55,early
2021-03-21 00:00:00+00:00,0.0,0.0,211661.55,early
2021-03-22 00:00:00+00:00,-1.021132,-287.21,211374.34,early
2021-03-23 00:00:00+00:00,0.485355,124.99,211499.33,early
2021-03-24 00:00:00+00:00,-0.957632,-256.49,211242.84,early
2021-03-25 00:00:00+00:00,1.087219,268.2,211511.04,early
2021-03-26 00:00:00+00:00,0.01481,3.98,211515.02,early
2021-03-27 00:00:00+00:00,-1.057253,-284.54,211230.49,early
2021-03-28 00:00:00+00:00,0.0,0.0,211230.49,early
2021-03-29 00:00:00+00:00,-0.92583,-227.45,211003.04,early
2021-03-30 00:00:00+00:00,0.021719,4.93,211007.97,early
2021-03-31 00:00:00+00:00,-1.627324,-370.07,210637.9,early
2021-04-01 00:00:00+00:00,-0.254799,-103.78,210534.12,early
2021-04-02 00:00:00+00:00,0.0,0.0,210534.12,early
2021-04-03 00:00:00+00:00,0.799036,318.36,210852.48,early
2021-04-04 00:00:00+00:00,-1.878853,-766.9,210085.58,early
2021-04-05 00:00:00+00:00,1.002919,344.06,210429.64,early
2021-04-06 00:00:00+00:00,0.0,0.0,210429.64,early
2021-04-07 00:00:00+00:00,0.326172,121.39,210551.03,early
2021-04-08 00:00:00+00:00,1.501017,574.08,211125.11,early
2021-04-09 00:00:00+00:00,-0.509577,-208.56,210916.55,early
2021-04-10 00:00:00+00:00,0.0,0.0,210916.55,early
2021-04-11 00:00:00+00:00,0.54362,212.82,211129.37,early
2021-04-12 00:00:00+00:00,3.358375,1374.59,212503.96,early
2021-04-13 00:00:00+00:00,1.885791,782.42,213286.37,early
2021-04-14 00:00:00+00:00,2.792522,1167.52,214453.89,early
2021-04-15 00:00:00+00:00,0.954593,403.64,214857.53,early
2021-04-16 00:00:00+00:00,1.530005,649.47,215507.0,early
2021-04-17 00:00:00+00:00,0.08774,37.48,215544.48,early
2021-04-18 00:00:00+00:00,-3.329478,-1422.63,214121.84,early
2021-04-19 00:00:00+00:00,3.00239,922.26,215044.1,early
2021-04-20 00:00:00+00:00,0.0,0.0,215044.1,early
2021-04-21 00:00:00+00:00,-0.18697,-71.92,214972.17,early
2021-04-22 00:00:00+00:00,-1.29432,-490.01,214482.16,early
2021-04-23 00:00:00+00:00,-0.308767,-104.15,214378.01,early
2021-04-24 00:00:00+00:00,0.0,0.0,214378.01,early
2021-04-25 00:00:00+00:00,1.654172,543.51,214921.52,early
2021-04-26 00:00:00+00:00,-0.898385,-336.27,214585.26,early
2021-04-27 00:00:00+00:00,0.0,0.0,214585.26,early
2021-04-28 00:00:00+00:00,-0.81215,-280.97,214304.29,early
2021-04-29 00:00:00+00:00,-0.573606,-184.93,214119.36,early
2021-04-30 00:00:00+00:00,1.217798,373.82,214493.18,early
2021-05-01 00:00:00+00:00,0.0,0.0,214493.18,early
2021-05-02 00:00:00+00:00,0.023135,9.42,214502.6,early
2021-05-03 00:00:00+00:00,-0.189428,-77.16,214425.44,early
2021-05-04 00:00:00+00:00,-0.249431,-99.96,214325.49,early
2021-05-05 00:00:00+00:00,3.356908,1316.63,215642.11,early
2021-05-06 00:00:00+00:00,0.738234,304.14,215946.25,early
2021-05-07 00:00:00+00:00,2.435284,1006.3,216952.55,early
2021-05-08 00:00:00+00:00,0.454988,189.87,217142.43,early
2021-05-09 00:00:00+00:00,-0.678992,-283.88,216858.55,early
2021-05-10 00:00:00+00:00,-1.671869,-658.5,216200.04,early
2021-05-11 00:00:00+00:00,2.446503,827.38,217027.43,early
2021-05-12 00:00:00+00:00,0.284278,116.06,217143.49,early
2021-05-13 00:00:00+00:00,-0.602622,-251.95,216891.54,early
2021-05-14 00:00:00+00:00,1.920119,761.51,217653.04,early
2021-05-15 00:00:00+00:00,0.47622,200.09,217853.14,early
2021-05-16 00:00:00+00:00,0.0,0.0,217853.14,early
2021-05-17 00:00:00+00:00,-0.620867,-261.38,217591.76,early
2021-05-18 00:00:00+00:00,0.0,0.0,217591.76,early
2021-05-19 00:00:00+00:00,0.273585,109.07,217700.84,early
2021-05-20 00:00:00+00:00,0.541951,221.1,217921.94,early
2021-05-21 00:00:00+00:00,0.0,0.0,217921.94,early
2021-05-22 00:00:00+00:00,0.704873,296.94,218218.88,early
2021-05-23 00:00:00+00:00,1.462041,617.68,218836.55,early
2021-05-24 00:00:00+00:00,0.536709,228.1,219064.65,early
2021-05-25 00:00:00+00:00,0.0,0.0,219064.65,early
2021-05-26 00:00:00+00:00,1.164267,495.88,219560.53,early
2021-05-27 00:00:00+00:00,0.0,0.0,219560.53,early
2021-05-28 00:00:00+00:00,0.0,0.0,219560.53,early
2021-05-29 00:00:00+00:00,0.0,0.0,219560.53,early
2021-05-30 00:00:00+00:00,1.042204,446.0,220006.53,early
2021-05-31 00:00:00+00:00,0.646929,278.02,220284.55,early
2021-06-01 00:00:00+00:00,0.0,0.0,220284.55,early
2021-06-02 00:00:00+00:00,0.296224,120.65,220405.21,early
2021-06-03 00:00:00+00:00,-0.069265,-28.25,220376.96,early
2021-06-04 00:00:00+00:00,-0.420203,-170.34,220206.62,early
2021-06-05 00:00:00+00:00,0.00531,2.08,220208.7,early
2021-06-06 00:00:00+00:00,0.0,0.0,220208.7,early
2021-06-07 00:00:00+00:00,0.0,0.0,220208.7,early
2021-06-08 00:00:00+00:00,-0.144068,-56.33,220152.36,early
2021-06-09 00:00:00+00:00,-0.396992,-153.33,219999.04,early
2021-06-10 00:00:00+00:00,0.194276,72.5,220071.54,early
2021-06-11 00:00:00+00:00,0.507263,192.43,220263.97,early
2021-06-12 00:00:00+00:00,-0.078666,-31.13,220232.84,early
2021-06-13 00:00:00+00:00,-0.078396,-30.82,220202.02,early
2021-06-14 00:00:00+00:00,0.137721,53.77,220255.79,early
2021-06-15 00:00:00+00:00,-0.032707,-12.92,220242.87,early
2021-06-16 00:00:00+00:00,0.110856,43.67,220286.54,early
2021-06-17 00:00:00+00:00,0.0,0.0,220286.54,early
2021-06-18 00:00:00+00:00,0.979687,389.58,220676.12,early
2021-06-19 00:00:00+00:00,0.0,0.0,220676.12,early
2021-06-20 00:00:00+00:00,-1.296349,-530.07,220146.05,early
2021-06-21 00:00:00+00:00,2.109761,767.5,220913.54,early
2021-06-22 00:00:00+00:00,0.185741,76.13,220989.67,early
2021-06-23 00:00:00+00:00,0.0,0.0,220989.67,early
2021-06-24 00:00:00+00:00,-0.193616,-79.42,220910.26,early
2021-06-25 00:00:00+00:00,0.975648,393.56,221303.82,early
2021-06-26 00:00:00+00:00,0.0,0.0,221303.82,early
2021-06-27 00:00:00+00:00,0.0,0.0,221303.82,early
2021-06-28 00:00:00+00:00,0.02768,11.39,221315.21,early
2021-06-29 00:00:00+00:00,-0.165213,-67.98,221247.22,early
2021-06-30 00:00:00+00:00,-0.228499,-92.7,221154.52,early
2021-07-01 00:00:00+00:00,-0.273961,-111.58,221042.94,early
2021-07-02 00:00:00+00:00,0.514655,204.71,221247.65,early
2021-07-03 00:00:00+00:00,0.0,0.0,221247.65,early
2021-07-04 00:00:00+00:00,-0.07804,-31.82,221215.84,early
2021-07-05 00:00:00+00:00,-0.422553,-171.12,221044.72,early
2021-07-06 00:00:00+00:00,-0.12341,-48.17,220996.55,early
2021-07-07 00:00:00+00:00,0.10671,41.22,221037.76,early
2021-07-08 00:00:00+00:00,-0.378393,-147.48,220890.28,early
2021-07-09 00:00:00+00:00,-0.658089,-248.24,220642.04,early
2021-07-10 00:00:00+00:00,0.068792,24.5,220666.54,early
2021-07-11 00:00:00+00:00,-0.02823,-10.11,220656.43,early
2021-07-12 00:00:00+00:00,-0.397814,-142.18,220514.25,early
2021-07-13 00:00:00+00:00,-0.015528,-5.36,220508.89,early
2021-07-14 00:00:00+00:00,-0.766363,-264.35,220244.54,early
2021-07-15 00:00:00+00:00,0.263552,85.05,220329.59,early
2021-07-16 00:00:00+00:00,0.895088,295.24,220624.83,early
2021-07-17 00:00:00+00:00,-0.119914,-42.54,220582.29,early
2021-07-18 00:00:00+00:00,1.270762,446.2,221028.49,early
2021-07-19 00:00:00+00:00,0.246612,95.93,221124.42,early
2021-07-20 00:00:00+00:00,0.264686,105.12,221229.54,early
2021-07-21 00:00:00+00:00,-1.313367,-533.4,220696.14,early
2021-07-22 00:00:00+00:00,-0.005825,-2.1,220694.04,early
2021-07-23 00:00:00+00:00,-0.702316,-253.24,220440.8,early
2021-07-24 00:00:00+00:00,-0.388503,-131.78,220309.02,early
2021-07-25 00:00:00+00:00,0.0,0.0,220309.02,early
2021-07-26 00:00:00+00:00,-0.55746,-182.91,220126.11,early
2021-07-27 00:00:00+00:00,-0.129096,-40.38,220085.73,early
2021-07-28 00:00:00+00:00,0.117885,36.47,220122.2,early
2021-07-29 00:00:00+00:00,0.0,0.0,220122.2,early
2021-07-30 00:00:00+00:00,2.229346,696.55,220818.76,early
2021-07-31 00:00:00+00:00,1.013269,376.07,221194.83,early
2021-08-01 00:00:00+00:00,0.316835,129.05,221323.87,early
2021-08-02 00:00:00+00:00,0.094343,38.48,221362.35,early
2021-08-03 00:00:00+00:00,-0.314565,-128.34,221234.01,early
2021-08-04 00:00:00+00:00,0.0,0.0,221234.01,early
2021-08-05 00:00:00+00:00,0.0,0.0,221234.01,early
2021-08-06 00:00:00+00:00,3.248639,1289.77,222523.78,early
2021-08-07 00:00:00+00:00,1.871616,772.44,223296.22,early
2021-08-08 00:00:00+00:00,-0.183563,-76.34,223219.89,early
2021-08-09 00:00:00+00:00,0.124473,50.95,223270.84,early
2021-08-10 00:00:00+00:00,0.293132,121.27,223392.1,early
2021-08-11 00:00:00+00:00,0.0,0.0,223392.1,early
2021-08-12 00:00:00+00:00,-0.408551,-170.06,223222.04,early
2021-08-13 00:00:00+00:00,3.843698,1544.12,224766.16,early
2021-08-14 00:00:00+00:00,0.988,416.78,225182.94,early
2021-08-15 00:00:00+00:00,0.0,0.0,225182.94,early
2021-08-16 00:00:00+00:00,0.299179,126.72,225309.66,early
2021-08-17 00:00:00+00:00,0.934067,396.1,225705.76,early
2021-08-18 00:00:00+00:00,-0.013965,-5.94,225699.82,early
2021-08-19 00:00:00+00:00,0.0,0.0,225699.82,early
2021-08-20 00:00:00+00:00,3.499971,1488.06,227187.88,early
2021-08-21 00:00:00+00:00,1.423412,614.5,227802.38,early
2021-08-22 00:00:00+00:00,4.87355,2116.16,229918.54,early
2021-08-23 00:00:00+00:00,4.043817,1790.73,231709.27,early
2021-08-24 00:00:00+00:00,2.122747,955.5,232664.77,early
2021-08-25 00:00:00+00:00,0.040881,18.56,232683.33,early
2021-08-26 00:00:00+00:00,-0.142138,-64.54,232618.79,early
2021-08-27 00:00:00+00:00,-0.091358,-40.98,232577.8,early
2021-08-28 00:00:00+00:00,-0.751376,-334.42,232243.39,early
2021-08-29 00:00:00+00:00,-0.071285,-29.7,232213.69,early
2021-08-30 00:00:00+00:00,0.0,0.0,232213.69,early
2021-08-31 00:00:00+00:00,-0.741787,-307.16,231906.53,early
2021-09-01 00:00:00+00:00,-0.841331,-342.67,231563.85,early
2021-09-02 00:00:00+00:00,0.0,0.0,231563.85,early
2021-09-03 00:00:00+00:00,1.536001,580.74,232144.59,early
2021-09-04 00:00:00+00:00,-0.092636,-37.82,232106.77,early
2021-09-05 00:00:00+00:00,5.036339,2039.9,234146.67,early
2021-09-06 00:00:00+00:00,1.202604,500.79,234647.46,early
2021-09-07 00:00:00+00:00,-3.663493,-1533.04,233114.42,early
2021-09-08 00:00:00+00:00,0.0,0.0,233114.42,early
2021-09-09 00:00:00+00:00,0.0,0.0,233114.42,early
2021-09-10 00:00:00+00:00,0.665278,192.4,233306.82,early
2021-09-11 00:00:00+00:00,0.0,0.0,233306.82,early
2021-09-12 00:00:00+00:00,0.0,0.0,233306.82,early
2021-09-13 00:00:00+00:00,-0.770258,-235.1,233071.73,early
2021-09-14 00:00:00+00:00,0.75994,217.08,233288.81,early
2021-09-15 00:00:00+00:00,0.0,0.0,233288.81,early
2021-09-16 00:00:00+00:00,0.0,0.0,233288.81,early
2021-09-17 00:00:00+00:00,-0.812494,-246.77,233042.04,early
2021-09-18 00:00:00+00:00,0.007769,2.2,233044.24,early
2021-09-19 00:00:00+00:00,0.0,0.0,233044.24,early
2021-09-20 00:00:00+00:00,-0.597466,-169.31,232874.93,early
2021-09-21 00:00:00+00:00,2.206056,594.19,233469.12,early
2021-09-22 00:00:00+00:00,-0.700726,-223.38,233245.75,early
2021-09-23 00:00:00+00:00,0.011091,3.33,233249.08,early
2021-09-24 00:00:00+00:00,0.0,0.0,233249.08,early
2021-09-25 00:00:00+00:00,-0.199363,-59.89,233189.19,early
2021-09-26 00:00:00+00:00,-0.130131,-38.44,233150.74,early
2021-09-27 00:00:00+00:00,0.840608,245.64,233396.39,early
2021-09-28 00:00:00+00:00,0.0,0.0,233396.39,early
2021-09-29 00:00:00+00:00,0.0,0.0,233396.39,early
2021-09-30 00:00:00+00:00,0.0,0.0,233396.39,early
2021-10-01 00:00:00+00:00,-0.773717,-315.13,233081.25,early
2021-10-02 00:00:00+00:00,0.0,0.0,233081.25,early
2021-10-03 00:00:00+00:00,0.301192,114.58,233195.83,early
2021-10-04 00:00:00+00:00,0.011944,4.66,233200.49,early
2021-10-05 00:00:00+00:00,0.0,0.0,233200.49,early
2021-10-06 00:00:00+00:00,-0.601923,-235.1,232965.4,early
2021-10-07 00:00:00+00:00,1.354844,502.09,233467.48,early
2021-10-08 00:00:00+00:00,1.716742,699.73,234167.21,early
2021-10-09 00:00:00+00:00,0.126049,51.74,234218.95,early
2021-10-10 00:00:00+00:00,0.19619,80.57,234299.51,early
2021-10-11 00:00:00+00:00,-1.102859,-453.25,233846.26,early
2021-10-12 00:00:00+00:00,-1.324419,-493.18,233353.08,early
2021-10-13 00:00:00+00:00,0.215263,71.2,233424.28,early
2021-10-14 00:00:00+00:00,0.861185,289.99,233714.27,early
2021-10-15 00:00:00+00:00,1.492607,539.13,234253.39,early
2021-10-16 00:00:00+00:00,-0.317037,-129.05,234124.35,early
2021-10-17 00:00:00+00:00,0.254593,100.82,234225.17,early
2021-10-18 00:00:00+00:00,0.0,0.0,234225.17,early
2021-10-19 00:00:00+00:00,0.223186,90.31,234315.48,early
2021-10-20 00:00:00+00:00,-0.051559,-21.19,234294.29,early
2021-10-21 00:00:00+00:00,0.838677,343.21,234637.5,early
2021-10-22 00:00:00+00:00,-0.297706,-122.76,234514.74,early
2021-10-23 00:00:00+00:00,0.569652,228.92,234743.66,early
2021-10-24 00:00:00+00:00,0.504262,208.15,234951.82,early
2021-10-25 00:00:00+00:00,0.035277,14.59,234966.41,early
2021-10-26 00:00:00+00:00,-0.390124,-161.39,234805.02,early
2021-10-27 00:00:00+00:00,-0.720441,-288.11,234516.9,early
2021-10-28 00:00:00+00:00,-1.141112,-428.38,234088.52,early
2021-10-29 00:00:00+00:00,0.68238,231.48,234320.0,early
2021-10-30 00:00:00+00:00,0.142488,51.12,234371.11,early
2021-10-31 00:00:00+00:00,1.583689,574.98,234946.09,early
2021-11-01 00:00:00+00:00,0.136164,55.46,235001.55,early
2021-11-02 00:00:00+00:00,0.0,0.0,235001.55,early
2021-11-03 00:00:00+00:00,-1.015869,-413.99,234587.56,early
2021-11-04 00:00:00+00:00,-0.024387,-9.08,234578.48,early
2021-11-05 00:00:00+00:00,1.247158,463.3,235041.78,early
2021-11-06 00:00:00+00:00,1.171625,477.66,235519.44,early
2021-11-07 00:00:00+00:00,0.0,0.0,235519.44,early
2021-11-08 00:00:00+00:00,0.303647,124.38,235643.82,early
2021-11-09 00:00:00+00:00,0.433828,177.93,235821.76,early
2021-11-10 00:00:00+00:00,-0.635729,-261.2,235560.56,early
2021-11-11 00:00:00+00:00,0.975352,379.0,235939.56,early
2021-11-12 00:00:00+00:00,0.647561,266.37,236205.93,early
2021-11-13 00:00:00+00:00,0.169203,69.78,236275.72,early
2021-11-14 00:00:00+00:00,0.303886,125.42,236401.13,early
2021-11-15 00:00:00+00:00,0.0,0.0,236401.13,early
2021-11-16 00:00:00+00:00,-1.051397,-434.46,235966.67,early
2021-11-17 00:00:00+00:00,2.257184,849.19,236815.86,early
2021-11-18 00:00:00+00:00,-1.006549,-417.63,236398.23,early
2021-11-19 00:00:00+00:00,0.934977,354.67,236752.9,early
2021-11-20 00:00:00+00:00,-1.184005,-484.89,236268.01,early
2021-11-21 00:00:00+00:00,-0.765968,-282.1,235985.9,early
2021-11-22 00:00:00+00:00,1.115187,384.16,236370.06,early
2021-11-23 00:00:00+00:00,0.827569,311.95,236682.01,early
2021-11-24 00:00:00+00:00,0.796718,321.46,237003.47,early
2021-11-25 00:00:00+00:00,-0.531159,-220.79,236782.68,early
2021-11-26 00:00:00+00:00,-1.29233,-512.84,236269.84,early
2021-11-27 00:00:00+00:00,0.250687,88.58,236358.42,early
2021-11-28 00:00:00+00:00,0.0,0.0,236358.42,early
2021-11-29 00:00:00+00:00,0.092439,33.36,236391.77,early
2021-11-30 00:00:00+00:00,0.77497,281.82,236673.6,early
2021-12-01 00:00:00+00:00,0.197346,80.38,236753.98,early
2021-12-02 00:00:00+00:00,0.0,0.0,236753.98,early
2021-12-03 00:00:00+00:00,1.048755,427.5,237181.48,early
2021-12-04 00:00:00+00:00,0.0,0.0,237181.48,early
2021-12-05 00:00:00+00:00,0.0,0.0,237181.48,early
2021-12-06 00:00:00+00:00,-0.599456,-245.4,236936.08,early
2021-12-07 00:00:00+00:00,0.39447,153.22,237089.3,early
2021-12-08 00:00:00+00:00,0.0,0.0,237089.3,early
2021-12-09 00:00:00+00:00,-0.444896,-178.62,236910.68,early
2021-12-10 00:00:00+00:00,2.964439,1145.06,238055.74,early
2021-12-11 00:00:00+00:00,0.936427,386.68,238442.42,early
2021-12-12 00:00:00+00:00,0.0,0.0,238442.42,early
2021-12-13 00:00:00+00:00,0.130224,53.98,238496.4,early
2021-12-14 00:00:00+00:00,-1.191736,-494.24,238002.16,early
2021-12-15 00:00:00+00:00,-1.41286,-526.5,237475.66,early
2021-12-16 00:00:00+00:00,2.683272,880.79,238356.45,early
2021-12-17 00:00:00+00:00,-0.49192,-198.13,238158.32,early
2021-12-18 00:00:00+00:00,0.443451,171.13,238329.44,early
2021-12-19 00:00:00+00:00,0.0,0.0,238329.44,early
2021-12-20 00:00:00+00:00,0.089687,35.92,238365.36,early
2021-12-21 00:00:00+00:00,-0.604026,-243.74,238121.62,early
2021-12-22 00:00:00+00:00,0.800872,306.56,238428.18,early
2021-12-23 00:00:00+00:00,-0.248754,-101.71,238326.46,early
2021-12-24 00:00:00+00:00,-0.103441,-41.4,238285.07,early
2021-12-25 00:00:00+00:00,0.070389,27.92,238312.99,early
2021-12-26 00:00:00+00:00,0.245075,97.8,238410.79,early
2021-12-27 00:00:00+00:00,0.0,0.0,238410.79,early
2021-12-28 00:00:00+00:00,-2.351051,-957.84,237452.95,early
2021-12-29 00:00:00+00:00,0.003838,1.25,237454.2,early
2021-12-30 00:00:00+00:00,-0.473516,-154.58,237299.62,early
2021-12-31 00:00:00+00:00,0.32754,102.69,237402.31,early
2022-01-01 00:00:00+00:00,-0.16771,-68.31,237334.0,early
2022-01-02 00:00:00+00:00,-0.162684,-65.31,237268.69,early
2022-01-03 00:00:00+00:00,0.0,0.0,237268.69,early
2022-01-04 00:00:00+00:00,0.24092,95.38,237364.07,early
2022-01-05 00:00:00+00:00,0.416444,168.26,237532.32,early
2022-01-06 00:00:00+00:00,0.0,0.0,237532.32,early
2022-01-07 00:00:00+00:00,0.0,0.0,237532.32,early
2022-01-08 00:00:00+00:00,3.931605,1603.42,239135.75,early
2022-01-09 00:00:00+00:00,-0.194769,-80.7,239055.04,early
2022-01-10 00:00:00+00:00,0.014515,5.91,239060.96,early
2022-01-11 00:00:00+00:00,1.154769,471.11,239532.07,early
2022-01-12 00:00:00+00:00,0.975454,405.76,239937.83,early
2022-01-13 00:00:00+00:00,-0.873707,-364.88,239572.95,early
2022-01-14 00:00:00+00:00,-0.15126,-58.47,239514.48,early
2022-01-15 00:00:00+00:00,0.108111,41.25,239555.73,early
2022-01-16 00:00:00+00:00,0.0,0.0,239555.73,early
2022-01-17 00:00:00+00:00,-1.68926,-650.47,238905.26,early
2022-01-18 00:00:00+00:00,0.0,0.0,238905.26,early
2022-01-19 00:00:00+00:00,1.074683,354.81,239260.08,early
2022-01-20 00:00:00+00:00,-5.351943,-1926.82,237333.26,early
2022-01-21 00:00:00+00:00,0.0,0.0,237333.26,early
2022-01-22 00:00:00+00:00,0.0,0.0,237333.26,early
2022-01-23 00:00:00+00:00,4.744686,950.08,238283.34,early
2022-01-24 00:00:00+00:00,0.778808,216.73,238500.07,early
2022-01-25 00:00:00+00:00,-0.335098,-99.29,238400.78,early
2022-01-26 00:00:00+00:00,-0.167048,-48.12,238352.67,early
2022-01-27 00:00:00+00:00,8.538624,2425.31,240777.97,early
2022-01-28 00:00:00+00:00,4.115187,1732.7,242510.67,early
2022-01-29 00:00:00+00:00,0.0,0.0,242510.67,early
2022-01-30 00:00:00+00:00,0.0,0.0,242510.67,early
2022-01-31 00:00:00+00:00,0.0,0.0,242510.67,early
2022-02-01 00:00:00+00:00,0.0,0.0,242510.67,early
2022-02-02 00:00:00+00:00,-1.420753,-578.67,241932.0,early
2022-02-03 00:00:00+00:00,4.251878,1522.5,243454.5,early
2022-02-04 00:00:00+00:00,1.743788,716.95,244171.44,early
2022-02-05 00:00:00+00:00,0.0,0.0,244171.44,early
2022-02-06 00:00:00+00:00,0.0,0.0,244171.44,early
2022-02-07 00:00:00+00:00,2.18483,904.66,245076.1,early
2022-02-08 00:00:00+00:00,0.044944,18.78,245094.88,early
2022-02-09 00:00:00+00:00,0.0,0.0,245094.88,early
2022-02-10 00:00:00+00:00,0.259143,108.28,245203.16,early
2022-02-11 00:00:00+00:00,0.940618,393.43,245596.59,early
2022-02-12 00:00:00+00:00,-0.176968,-74.3,245522.28,early
2022-02-13 00:00:00+00:00,0.237807,98.34,245620.62,early
2022-02-14 00:00:00+00:00,0.375293,157.61,245778.23,early
2022-02-15 00:00:00+00:00,-0.161986,-68.13,245710.1,early
2022-02-16 00:00:00+00:00,0.0,0.0,245710.1,early
2022-02-17 00:00:00+00:00,-0.488019,-202.42,245507.67,early
2022-02-18 00:00:00+00:00,0.897898,356.94,245864.61,early
2022-02-19 00:00:00+00:00,0.994859,418.8,246283.41,early
2022-02-20 00:00:00+00:00,0.335776,141.92,246425.33,early
2022-02-21 00:00:00+00:00,-0.354997,-150.25,246275.08,early
2022-02-22 00:00:00+00:00,0.21555,88.46,246363.54,early
2022-02-23 00:00:00+00:00,-0.734166,-306.85,246056.69,early
2022-02-24 00:00:00+00:00,0.186434,73.05,246129.74,early
2022-02-25 00:00:00+00:00,-0.101315,-40.33,246089.41,early
2022-02-26 00:00:00+00:00,-0.008488,-3.35,246086.06,early
2022-02-27 00:00:00+00:00,0.180951,71.35,246157.41,early
2022-02-28 00:00:00+00:00,0.061197,24.5,246181.92,early
2022-03-01 00:00:00+00:00,-0.594097,-241.98,245939.94,early
2022-03-02 00:00:00+00:00,0.0,0.0,245939.94,early
2022-03-03 00:00:00+00:00,-0.142636,-55.15,245884.79,early
2022-03-04 00:00:00+00:00,-0.957845,-365.86,245518.93,early
2022-03-05 00:00:00+00:00,0.0,0.0,245518.93,early
2022-03-06 00:00:00+00:00,0.0,0.0,245518.93,early
2022-03-07 00:00:00+00:00,-0.294482,-103.35,245415.59,early
2022-03-08 00:00:00+00:00,-0.094673,-32.4,245383.19,early
2022-03-09 00:00:00+00:00,-0.623816,-211.79,245171.4,early
2022-03-10 00:00:00+00:00,0.0,0.0,245171.4,early
2022-03-11 00:00:00+00:00,0.100833,32.44,245203.84,early
2022-03-12 00:00:00+00:00,0.0,0.0,245203.84,early
2022-03-13 00:00:00+00:00,0.102455,33.24,245237.07,early
2022-03-14 00:00:00+00:00,0.0,0.0,245237.07,early
2022-03-15 00:00:00+00:00,-0.093958,-30.74,245206.33,early
2022-03-16 00:00:00+00:00,0.099715,32.37,245238.7,early
2022-03-17 00:00:00+00:00,-0.369049,-120.81,245117.89,early
2022-03-18 00:00:00+00:00,-0.00784,-2.49,245115.41,early
2022-03-19 00:00:00+00:00,0.343174,108.79,245224.19,early
2022-03-20 00:00:00+00:00,0.182962,59.67,245283.86,early
2022-03-21 00:00:00+00:00,-0.030077,-9.96,245273.9,early
2022-03-22 00:00:00+00:00,0.128126,42.32,245316.22,early
2022-03-23 00:00:00+00:00,0.860261,287.21,245603.44,early
2022-03-24 00:00:00+00:00,0.962358,344.61,245948.05,early
2022-03-25 00:00:00+00:00,-0.278469,-107.86,245840.19,early
2022-03-26 00:00:00+00:00,0.334407,126.46,245966.65,early
2022-03-27 00:00:00+00:00,0.128094,49.82,246016.47,early
2022-03-28 00:00:00+00:00,0.518382,203.81,246220.28,early
2022-03-29 00:00:00+00:00,0.452327,184.3,246404.58,early
2022-03-30 00:00:00+00:00,1.453198,593.21,246997.79,early
2022-03-31 00:00:00+00:00,2.431704,998.51,247996.3,early
2022-04-01 00:00:00+00:00,0.800193,325.92,248322.22,early
2022-04-02 00:00:00+00:00,0.0,0.0,248322.22,early
2022-04-03 00:00:00+00:00,1.257525,513.86,248836.08,early
2022-04-04 00:00:00+00:00,-0.409601,-168.23,248667.85,early
2022-04-05 00:00:00+00:00,-0.405334,-160.66,248507.19,early
2022-04-06 00:00:00+00:00,-0.979691,-374.91,248132.29,early
2022-04-07 00:00:00+00:00,0.402594,141.28,248273.57,early
2022-04-08 00:00:00+00:00,0.365595,132.66,248406.23,early
2022-04-09 00:00:00+00:00,0.864457,323.4,248729.63,early
2022-04-10 00:00:00+00:00,0.0,0.0,248729.63,early
2022-04-11 00:00:00+00:00,-0.26,-104.42,248625.2,early
2022-04-12 00:00:00+00:00,0.498554,195.79,248820.99,early
2022-04-13 00:00:00+00:00,0.958064,392.26,249213.26,early
2022-04-14 00:00:00+00:00,0.150646,62.1,249275.36,early
2022-04-15 00:00:00+00:00,-0.077815,-32.1,249243.26,early
2022-04-16 00:00:00+00:00,0.173004,70.89,249314.15,early
2022-04-17 00:00:00+00:00,0.19769,81.58,249395.73,early
2022-04-18 00:00:00+00:00,-0.330443,-136.47,249259.26,early
2022-04-19 00:00:00+00:00,-2.487545,-998.36,248260.9,early
2022-04-20 00:00:00+00:00,-1.107469,-351.03,247909.87,early
2022-04-21 00:00:00+00:00,-0.823333,-236.86,247673.01,early
2022-04-22 00:00:00+00:00,0.0,0.0,247673.01,early
2022-04-23 00:00:00+00:00,0.0,0.0,247673.01,early
2022-04-24 00:00:00+00:00,0.0,0.0,247673.01,early
2022-04-25 00:00:00+00:00,-2.525492,-676.92,246996.09,early
2022-04-26 00:00:00+00:00,0.111225,23.62,247019.71,early
2022-04-27 00:00:00+00:00,0.818748,175.46,247195.18,early
2022-04-28 00:00:00+00:00,-0.805616,-184.22,247010.96,early
2022-04-29 00:00:00+00:00,-0.609289,-130.14,246880.82,early
2022-04-30 00:00:00+00:00,0.659027,133.76,247014.58,early
2022-05-01 00:00:00+00:00,1.397457,563.6,247578.18,early
2022-05-02 00:00:00+00:00,1.107515,449.2,248027.38,early
2022-05-03 00:00:00+00:00,0.0,0.0,248027.38,early
2022-05-04 00:00:00+00:00,0.0,0.0,248027.38,early
2022-05-05 00:00:00+00:00,-0.408749,-166.54,247860.85,early
2022-05-06 00:00:00+00:00,1.986851,781.24,248642.09,early
2022-05-07 00:00:00+00:00,0.842876,345.52,248987.61,early
2022-05-08 00:00:00+00:00,4.705388,1935.5,250923.11,early
2022-05-09 00:00:00+00:00,0.005885,2.47,250925.58,early
2022-05-10 00:00:00+00:00,0.876603,367.5,251293.08,early
2022-05-11 00:00:00+00:00,0.0,0.0,251293.08,early
2022-05-12 00:00:00+00:00,3.929337,1653.18,252946.26,early
2022-05-13 00:00:00+00:00,2.401729,1026.65,253972.9,early
2022-05-14 00:00:00+00:00,2.624403,1132.8,255105.71,early
2022-05-15 00:00:00+00:00,0.0,0.0,255105.71,early
2022-05-16 00:00:00+00:00,1.402654,611.92,255717.63,early
2022-05-17 00:00:00+00:00,0.0,0.0,255717.63,early
2022-05-18 00:00:00+00:00,0.104524,45.86,255763.49,early
2022-05-19 00:00:00+00:00,0.760949,334.01,256097.49,early
2022-05-20 00:00:00+00:00,0.698178,307.41,256404.9,early
2022-05-21 00:00:00+00:00,0.0,0.0,256404.9,early
2022-05-22 00:00:00+00:00,-0.046652,-20.6,256384.3,early
2022-05-23 00:00:00+00:00,2.453144,1078.86,257463.16,early
2022-05-24 00:00:00+00:00,6.173754,2752.62,260215.78,early
2022-05-25 00:00:00+00:00,0.140963,64.43,260280.21,early
2022-05-26 00:00:00+00:00,0.0,0.0,260280.21,early
2022-05-27 00:00:00+00:00,-0.289745,-132.51,260147.7,early
2022-05-28 00:00:00+00:00,0.0,0.0,260147.7,early
2022-05-29 00:00:00+00:00,2.73035,1217.77,261365.47,early
2022-05-30 00:00:00+00:00,-0.85505,-394.82,260970.65,early
2022-05-31 00:00:00+00:00,-0.831715,-356.05,260614.59,early
2022-06-01 00:00:00+00:00,-0.738443,-300.77,260313.82,early
2022-06-02 00:00:00+00:00,0.388855,148.41,260462.23,early
2022-06-03 00:00:00+00:00,0.0,0.0,260462.23,early
2022-06-04 00:00:00+00:00,0.844065,332.8,260795.03,early
2022-06-05 00:00:00+00:00,1.024251,417.93,261212.96,early
2022-06-06 00:00:00+00:00,0.070035,28.7,261241.66,early
2022-06-07 00:00:00+00:00,0.0,0.0,261241.66,early
2022-06-08 00:00:00+00:00,1.70252,697.78,261939.45,early
2022-06-09 00:00:00+00:00,0.195661,80.75,262020.19,early
2022-06-10 00:00:00+00:00,0.0,0.0,262020.19,early
2022-06-11 00:00:00+00:00,0.0,0.0,262020.19,early
2022-06-12 00:00:00+00:00,-0.265873,-109.81,261910.38,early
2022-06-13 00:00:00+00:00,4.425245,1786.22,263696.6,early
2022-06-14 00:00:00+00:00,0.709966,298.08,263994.68,early
2022-06-15 00:00:00+00:00,0.051448,21.66,264016.34,early
2022-06-16 00:00:00+00:00,0.087841,36.99,264053.34,early
2022-06-17 00:00:00+00:00,4.749329,2000.92,266054.26,early
2022-06-18 00:00:00+00:00,0.922129,396.01,266450.27,early
2022-06-19 00:00:00+00:00,-0.553298,-238.51,266211.76,early
2022-06-20 00:00:00+00:00,0.0,0.0,266211.76,early
2022-06-21 00:00:00+00:00,0.0,0.0,266211.76,early
2022-06-22 00:00:00+00:00,0.0,0.0,266211.76,early
2022-06-23 00:00:00+00:00,0.0,0.0,266211.76,early
2022-06-24 00:00:00+00:00,3.309918,1359.42,267571.18,early
2022-06-25 00:00:00+00:00,0.056164,24.47,267595.65,early
2022-06-26 00:00:00+00:00,0.125489,54.68,267650.33,early
2022-06-27 00:00:00+00:00,-0.034749,-15.15,267635.18,early
2022-06-28 00:00:00+00:00,-0.293445,-127.55,267507.63,early
2022-06-29 00:00:00+00:00,-0.343937,-145.75,267361.88,early
2022-06-30 00:00:00+00:00,0.0,0.0,267361.88,early
2022-07-01 00:00:00+00:00,-0.269763,-109.87,267252.01,early
2022-07-02 00:00:00+00:00,0.049909,19.86,267271.87,early
2022-07-03 00:00:00+00:00,0.05847,23.36,267295.23,early
2022-07-04 00:00:00+00:00,-0.176068,-70.71,267224.52,early
2022-07-05 00:00:00+00:00,-0.175888,-69.58,267154.95,early
2022-07-06 00:00:00+00:00,-0.029129,-11.35,267143.6,early
2022-07-07 00:00:00+00:00,-0.589137,-228.98,266914.62,early
2022-07-08 00:00:00+00:00,-0.443003,-163.56,266751.06,early
2022-07-09 00:00:00+00:00,0.236501,84.04,266835.1,early
2022-07-10 00:00:00+00:00,3.453301,1251.71,268086.82,early
2022-07-11 00:00:00+00:00,-1.754333,-719.72,267367.1,early
2022-07-12 00:00:00+00:00,0.171248,59.78,267426.88,early
2022-07-13 00:00:00+00:00,-1.509728,-534.68,266892.2,early
2022-07-14 00:00:00+00:00,-2.743187,-848.27,266043.93,early
2022-07-15 00:00:00+00:00,0.0,0.0,266043.93,early
2022-07-16 00:00:00+00:00,-0.327871,-78.33,265965.6,early
2022-07-17 00:00:00+00:00,0.0,0.0,265965.6,early
2022-07-18 00:00:00+00:00,0.410982,95.54,266061.14,early
2022-07-19 00:00:00+00:00,1.651634,396.9,266458.04,early
2022-07-20 00:00:00+00:00,-0.166748,-45.54,266412.5,early
2022-07-21 00:00:00+00:00,0.373386,100.56,266513.06,early
2022-07-22 00:00:00+00:00,0.348046,96.63,266609.7,early
2022-07-23 00:00:00+00:00,0.854744,244.18,266853.87,early
2022-07-24 00:00:00+00:00,0.0,0.0,266853.87,early
2022-07-25 00:00:00+00:00,-0.03339,-10.22,266843.66,early
2022-07-26 00:00:00+00:00,-0.745185,-227.41,266616.25,early
2022-07-27 00:00:00+00:00,-2.48643,-711.66,265904.58,early
2022-07-28 00:00:00+00:00,-0.618875,-140.76,265763.82,early
2022-07-29 00:00:00+00:00,0.90879,196.23,265960.05,early
2022-07-30 00:00:00+00:00,2.102803,487.85,266447.9,early
2022-07-31 00:00:00+00:00,-0.631702,-171.98,266275.93,early
2022-08-01 00:00:00+00:00,-0.419919,-169.18,266106.75,early
2022-08-02 00:00:00+00:00,-0.56751,-220.44,265886.31,early
2022-08-03 00:00:00+00:00,0.0,0.0,265886.31,early
2022-08-04 00:00:00+00:00,0.239792,88.65,265974.96,early
2022-08-05 00:00:00+00:00,0.0,0.0,265974.96,early
2022-08-06 00:00:00+00:00,0.0,0.0,265974.96,early
2022-08-07 00:00:00+00:00,0.088508,33.39,266008.34,early
2022-08-08 00:00:00+00:00,-0.193252,-73.45,265934.9,early
2022-08-09 00:00:00+00:00,-2.171137,-811.58,265123.32,early
2022-08-10 00:00:00+00:00,-0.578063,-176.53,264946.79,early
2022-08-11 00:00:00+00:00,0.133224,38.72,264985.51,early
2022-08-12 00:00:00+00:00,0.28883,84.88,265070.39,early
2022-08-13 00:00:00+00:00,0.934867,281.36,265351.75,early
2022-08-14 00:00:00+00:00,1.554081,504.35,265856.1,early
2022-08-15 00:00:00+00:00,2.412013,885.48,266741.58,early
2022-08-16 00:00:00+00:00,-0.02605,-10.54,266731.03,early
2022-08-17 00:00:00+00:00,-0.204757,-82.7,266648.34,early
2022-08-18 00:00:00+00:00,-0.253269,-100.5,266547.84,early
2022-08-19 00:00:00+00:00,-0.370856,-143.98,266403.86,early
2022-08-20 00:00:00+00:00,3.774567,1419.17,267823.03,early
2022-08-21 00:00:00+00:00,1.068197,437.08,268260.11,early
2022-08-22 00:00:00+00:00,0.747579,307.22,268567.33,early
2022-08-23 00:00:00+00:00,-0.178646,-73.64,268493.69,early
2022-08-24 00:00:00+00:00,3.435549,1394.54,269888.24,early
2022-08-25 00:00:00+00:00,0.785262,327.92,270216.16,early
2022-08-26 00:00:00+00:00,-0.4778,-200.16,270015.99,early
2022-08-27 00:00:00+00:00,0.0,0.0,270015.99,early
2022-08-28 00:00:00+00:00,0.0,0.0,270015.99,early
2022-08-29 00:00:00+00:00,-0.169912,-68.28,269947.72,early
2022-08-30 00:00:00+00:00,-0.949649,-376.08,269571.63,early
2022-08-31 00:00:00+00:00,2.588656,942.6,270514.23,early
2022-09-01 00:00:00+00:00,3.076553,1253.08,271767.31,early
2022-09-02 00:00:00+00:00,0.869764,358.69,272126.01,early
2022-09-03 00:00:00+00:00,-0.722992,-299.22,271826.79,early
2022-09-04 00:00:00+00:00,0.0,0.0,271826.79,early
2022-09-05 00:00:00+00:00,-0.053859,-20.92,271805.87,early
2022-09-06 00:00:00+00:00,-0.413651,-159.9,271645.97,early
2022-09-07 00:00:00+00:00,-0.908673,-338.93,271307.04,early
2022-09-08 00:00:00+00:00,0.0,0.0,271307.04,early
2022-09-09 00:00:00+00:00,-0.534181,-183.95,271123.09,early
2022-09-10 00:00:00+00:00,0.455137,149.69,271272.78,early
2022-09-11 00:00:00+00:00,0.13768,47.01,271319.8,early
2022-09-12 00:00:00+00:00,0.84217,290.91,271610.71,early
2022-09-13 00:00:00+00:00,-2.489408,-921.09,270689.62,early
2022-09-14 00:00:00+00:00,0.0,0.0,270689.62,early
2022-09-15 00:00:00+00:00,-0.066377,-19.43,270670.19,early
2022-09-16 00:00:00+00:00,6.288705,1830.29,272500.48,early
2022-09-17 00:00:00+00:00,0.162847,67.65,272568.13,early
2022-09-18 00:00:00+00:00,1.286298,534.67,273102.8,early
2022-09-19 00:00:00+00:00,-0.539149,-225.28,272877.52,early
2022-09-20 00:00:00+00:00,0.0,0.0,272877.52,early
2022-09-21 00:00:00+00:00,0.085896,34.24,272911.76,early
2022-09-22 00:00:00+00:00,0.083006,33.33,272945.09,early
2022-09-23 00:00:00+00:00,-0.032112,-12.99,272932.1,early
2022-09-24 00:00:00+00:00,-0.122785,-49.52,272882.59,early
2022-09-25 00:00:00+00:00,0.0,0.0,272882.59,early
2022-09-26 00:00:00+00:00,0.0,0.0,272882.59,early
2022-09-27 00:00:00+00:00,-0.320225,-127.78,272754.8,early
2022-09-28 00:00:00+00:00,0.0,0.0,272754.8,early
2022-09-29 00:00:00+00:00,0.158984,61.71,272816.51,early
2022-09-30 00:00:00+00:00,0.458655,180.44,272996.96,early
2022-10-01 00:00:00+00:00,0.0,0.0,272996.96,early
2022-10-02 00:00:00+00:00,0.0,0.0,272996.96,early
2022-10-03 00:00:00+00:00,-0.714417,-290.98,272705.98,early
2022-10-04 00:00:00+00:00,-0.659615,-252.29,272453.69,early
2022-10-05 00:00:00+00:00,0.0,0.0,272453.69,early
2022-10-06 00:00:00+00:00,-0.250307,-90.38,272363.31,early
2022-10-07 00:00:00+00:00,-1.726559,-610.22,271753.09,early
2022-10-08 00:00:00+00:00,-0.36053,-108.94,271644.15,early
2022-10-09 00:00:00+00:00,0.0,0.0,271644.15,early
2022-10-10 00:00:00+00:00,0.0,0.0,271644.15,early
2022-10-11 00:00:00+00:00,0.14957,43.84,271687.99,early
2022-10-12 00:00:00+00:00,0.0,0.0,271687.99,early
2022-10-13 00:00:00+00:00,3.993701,1185.07,272873.06,early
2022-10-14 00:00:00+00:00,-1.27449,-505.61,272367.45,early
2022-10-15 00:00:00+00:00,0.265673,93.99,272461.44,early
2022-10-16 00:00:00+00:00,0.413529,149.59,272611.03,early
2022-10-17 00:00:00+00:00,4.074093,1525.39,274136.41,early
2022-10-18 00:00:00+00:00,0.931386,383.68,274520.09,early
2022-10-19 00:00:00+00:00,0.0,0.0,274520.09,early
2022-10-20 00:00:00+00:00,0.0,0.0,274520.09,early
2022-10-21 00:00:00+00:00,-1.235171,-510.75,274009.34,early
2022-10-22 00:00:00+00:00,-1.020304,-377.54,273631.8,early
2022-10-23 00:00:00+00:00,-3.252405,-1099.83,272531.97,early
2022-10-24 00:00:00+00:00,0.77669,191.55,272723.52,early
2022-10-25 00:00:00+00:00,-0.430603,-113.0,272610.52,early
2022-10-26 00:00:00+00:00,1.824301,461.73,273072.25,early
2022-10-27 00:00:00+00:00,0.0,0.0,273072.25,early
2022-10-28 00:00:00+00:00,7.995183,2329.38,275401.63,early
2022-10-29 00:00:00+00:00,-0.542589,-226.31,275175.31,early
2022-10-30 00:00:00+00:00,1.393737,554.4,275729.71,early
2022-10-31 00:00:00+00:00,1.989119,832.31,276562.02,early
2022-11-01 00:00:00+00:00,11.677972,4756.44,281318.46,early
2022-11-02 00:00:00+00:00,-2.17834,-929.44,280389.02,early
2022-11-03 00:00:00+00:00,-1.657703,-576.63,279812.39,early
2022-11-04 00:00:00+00:00,0.0,0.0,279812.39,early
2022-11-05 00:00:00+00:00,0.0,0.0,279812.39,early
2022-11-06 00:00:00+00:00,1.355913,406.26,280218.65,early
2022-11-07 00:00:00+00:00,-2.545563,-849.06,279369.59,early
2022-11-08 00:00:00+00:00,2.608629,685.9,280055.49,early
2022-11-09 00:00:00+00:00,-2.184526,-698.8,279356.69,early
2022-11-10 00:00:00+00:00,1.198899,313.95,279670.64,early
2022-11-11 00:00:00+00:00,3.814319,1097.92,280768.56,early
2022-11-12 00:00:00+00:00,-0.00362,-1.37,280767.19,early
2022-11-13 00:00:00+00:00,0.0,0.0,280767.19,early
2022-11-14 00:00:00+00:00,1.564719,594.21,281361.4,early
2022-11-15 00:00:00+00:00,4.448818,1898.97,283260.37,early
2022-11-16 00:00:00+00:00,0.038094,16.56,283276.92,early
2022-11-17 00:00:00+00:00,0.0,0.0,283276.92,early
2022-11-18 00:00:00+00:00,0.0,0.0,283276.92,early
2022-11-19 00:00:00+00:00,0.0,0.0,283276.92,early
2022-11-20 00:00:00+00:00,0.0,0.0,283276.92,early
2022-11-21 00:00:00+00:00,1.788742,777.48,284054.4,early
2022-11-22 00:00:00+00:00,2.96789,1299.39,285353.79,early
2022-11-23 00:00:00+00:00,-0.483282,-214.15,285139.65,early
2022-11-24 00:00:00+00:00,-0.175154,-74.41,285065.23,early
2022-11-25 00:00:00+00:00,0.0,0.0,285065.23,early
2022-11-26 00:00:00+00:00,0.118186,49.46,285114.69,early
2022-11-27 00:00:00+00:00,-0.280166,-118.43,284996.27,early
2022-11-28 00:00:00+00:00,-0.359486,-148.33,284847.94,early
2022-11-29 00:00:00+00:00,0.0,0.0,284847.94,early
2022-11-30 00:00:00+00:00,0.137452,54.99,284902.92,early
2022-12-01 00:00:00+00:00,0.0,0.0,284902.92,early
2022-12-02 00:00:00+00:00,0.484316,197.26,285100.18,early
2022-12-03 00:00:00+00:00,0.0,0.0,285100.18,early
2022-12-04 00:00:00+00:00,0.0,0.0,285100.18,early
2022-12-05 00:00:00+00:00,0.0,0.0,285100.18,early
2022-12-06 00:00:00+00:00,-0.193044,-78.78,285021.4,early
2022-12-07 00:00:00+00:00,1.478913,593.59,285614.99,early
2022-12-08 00:00:00+00:00,1.100315,451.35,286066.34,early
2022-12-09 00:00:00+00:00,-0.74907,-308.65,285757.7,early
2022-12-10 00:00:00+00:00,-0.056074,-21.63,285736.07,early
2022-12-11 00:00:00+00:00,0.0,0.0,285736.07,early
2022-12-12 00:00:00+00:00,-1.549207,-594.7,285141.36,early
2022-12-13 00:00:00+00:00,-3.496635,-1166.52,283974.85,early
2022-12-14 00:00:00+00:00,0.148254,35.09,284009.93,early
2022-12-15 00:00:00+00:00,-0.173509,-41.56,283968.37,early
2022-12-16 00:00:00+00:00,-2.919965,-689.51,283278.86,early
2022-12-17 00:00:00+00:00,0.0,0.0,283278.86,early
2022-12-18 00:00:00+00:00,0.0,0.0,283278.86,early
2022-12-19 00:00:00+00:00,4.646835,835.84,284114.7,early
2022-12-20 00:00:00+00:00,-0.527255,-130.85,283983.85,early
2022-12-21 00:00:00+00:00,0.0,0.0,283983.85,early
2022-12-22 00:00:00+00:00,0.108591,25.78,284009.63,early
2022-12-23 00:00:00+00:00,1.300067,311.4,284321.03,early
2022-12-24 00:00:00+00:00,0.0,0.0,284321.03,early
2022-12-25 00:00:00+00:00,0.0,0.0,284321.03,early
2022-12-26 00:00:00+00:00,2.455611,651.25,284972.28,early
2022-12-27 00:00:00+00:00,-0.220709,-70.5,284901.78,early
2022-12-28 00:00:00+00:00,0.851701,267.03,285168.81,early
2022-12-29 00:00:00+00:00,-1.175429,-394.85,284773.96,early
2022-12-30 00:00:00+00:00,3.986458,1207.27,285981.23,early
2022-12-31 00:00:00+00:00,1.901679,769.73,286750.96,early
2023-01-01 00:00:00+00:00,0.412488,168.01,286918.97,early
2023-01-02 00:00:00+00:00,-0.607193,-247.73,286671.24,early
2023-01-03 00:00:00+00:00,-0.273458,-105.79,286565.46,early
2023-01-04 00:00:00+00:00,-0.709716,-268.17,286297.29,early
2023-01-05 00:00:00+00:00,0.110507,39.24,286336.53,early
2023-01-06 00:00:00+00:00,0.099522,35.67,286372.21,early
2023-01-07 00:00:00+00:00,0.556353,201.1,286573.31,early
2023-01-08 00:00:00+00:00,0.0,0.0,286573.31,early
2023-01-09 00:00:00+00:00,-1.419954,-537.48,286035.83,early
2023-01-10 00:00:00+00:00,-1.10597,-368.38,285667.45,early
2023-01-11 00:00:00+00:00,13.980022,4224.94,289892.39,early
2023-01-12 00:00:00+00:00,-3.212806,-1349.68,288542.7,early
2023-01-13 00:00:00+00:00,0.0,0.0,288542.7,early
2023-01-14 00:00:00+00:00,11.2531,3444.48,291987.18,early
2023-01-15 00:00:00+00:00,3.348703,1435.34,293422.52,early
2023-01-16 00:00:00+00:00,1.912877,831.09,294253.62,early
2023-01-17 00:00:00+00:00,3.111652,1362.46,295616.08,early
2023-01-18 00:00:00+00:00,26.279755,11652.64,307268.73,early
2023-01-19 00:00:00+00:00,0.0,0.0,307268.73,early
2023-01-20 00:00:00+00:00,1.115332,547.48,307816.21,early
2023-01-21 00:00:00+00:00,0.0,0.0,307816.21,early
2023-01-22 00:00:00+00:00,3.650281,1799.95,309616.16,early
2023-01-23 00:00:00+00:00,0.575529,288.01,309904.17,early
2023-01-24 00:00:00+00:00,-1.927474,-966.83,308937.34,early
2023-01-25 00:00:00+00:00,2.550001,1069.79,310007.13,early
2023-01-26 00:00:00+00:00,-0.057735,-28.98,309978.15,early
2023-01-27 00:00:00+00:00,0.669822,334.61,310312.75,early
2023-01-28 00:00:00+00:00,0.0,0.0,310312.75,early
2023-01-29 00:00:00+00:00,0.13201,66.44,310379.19,early
2023-01-30 00:00:00+00:00,-1.749387,-880.88,309498.31,early
2023-01-31 00:00:00+00:00,-0.661933,-283.77,309214.53,early
2023-02-01 00:00:00+00:00,1.328178,540.97,309755.5,early
2023-02-02 00:00:00+00:00,3.620022,1482.41,311237.91,early
2023-02-03 00:00:00+00:00,5.883971,2445.03,313682.95,early
2023-02-04 00:00:00+00:00,0.729036,310.2,313993.15,early
2023-02-05 00:00:00+00:00,-0.015726,-6.71,313986.44,early
2023-02-06 00:00:00+00:00,0.0,0.0,313986.44,early
2023-02-07 00:00:00+00:00,0.0,0.0,313986.44,early
2023-02-08 00:00:00+00:00,0.21763,92.75,314079.19,early
2023-02-09 00:00:00+00:00,11.45671,4893.32,318972.51,early
2023-02-10 00:00:00+00:00,1.138368,508.9,319481.41,early
2023-02-11 00:00:00+00:00,0.291819,131.06,319612.47,early
2023-02-12 00:00:00+00:00,0.838415,376.99,319989.46,early
2023-02-13 00:00:00+00:00,0.0,0.0,319989.46,early
2023-02-14 00:00:00+00:00,-0.985106,-444.47,319545.0,early
2023-02-15 00:00:00+00:00,-2.769216,-1144.56,318400.44,early
2023-02-16 00:00:00+00:00,-2.803677,-889.13,317511.31,early
2023-02-17 00:00:00+00:00,0.0,0.0,317511.31,early
2023-02-18 00:00:00+00:00,0.682659,166.39,317677.7,early
2023-02-19 00:00:00+00:00,0.0,0.0,317677.7,early
2023-02-20 00:00:00+00:00,-0.55973,-144.07,317533.64,early
2023-02-21 00:00:00+00:00,0.0,0.0,317533.64,early
2023-02-22 00:00:00+00:00,0.161195,39.58,317573.22,early
2023-02-23 00:00:00+00:00,-0.172612,-42.95,317530.27,early
2023-02-24 00:00:00+00:00,0.068981,16.92,317547.19,early
2023-02-25 00:00:00+00:00,-1.06159,-261.87,317285.32,early
2023-02-26 00:00:00+00:00,-1.991009,-448.52,316836.81,early
2023-02-27 00:00:00+00:00,0.010173,1.92,316838.73,early
2023-02-28 00:00:00+00:00,-0.342892,-64.8,316773.92,early
2023-03-01 00:00:00+00:00,-0.025896,-10.55,316763.38,early
2023-03-02 00:00:00+00:00,0.0,0.0,316763.38,early
2023-03-03 00:00:00+00:00,-0.24037,-97.69,316665.69,early
2023-03-04 00:00:00+00:00,0.0,0.0,316665.69,early
2023-03-05 00:00:00+00:00,0.0,0.0,316665.69,early
2023-03-06 00:00:00+00:00,0.086545,34.45,316700.14,early
2023-03-07 00:00:00+00:00,-0.314481,-126.1,316574.04,early
2023-03-08 00:00:00+00:00,-0.305154,-119.08,316454.95,early
2023-03-09 00:00:00+00:00,-0.914565,-347.63,316107.33,early
2023-03-10 00:00:00+00:00,2.961976,1038.6,317145.93,early
2023-03-11 00:00:00+00:00,0.932621,381.27,317527.2,early
2023-03-12 00:00:00+00:00,-1.939254,-795.81,316731.39,early
2023-03-13 00:00:00+00:00,-1.141909,-391.46,316339.93,early
2023-03-14 00:00:00+00:00,-0.551819,-171.04,316168.89,early
2023-03-15 00:00:00+00:00,-1.187153,-351.02,315817.88,early
2023-03-16 00:00:00+00:00,0.488357,130.16,315948.04,early
2023-03-17 00:00:00+00:00,0.336124,93.21,316041.25,early
2023-03-18 00:00:00+00:00,0.0,0.0,316041.25,early
2023-03-19 00:00:00+00:00,0.832981,237.45,316278.69,early
2023-03-20 00:00:00+00:00,0.884212,269.54,316548.24,early
2023-03-21 00:00:00+00:00,0.0,0.0,316548.24,early
2023-03-22 00:00:00+00:00,-0.243433,-79.7,316468.53,early
2023-03-23 00:00:00+00:00,-0.152312,-48.85,316419.68,early
2023-03-24 00:00:00+00:00,-0.096923,-30.69,316389.0,early
2023-03-25 00:00:00+00:00,-0.250577,-78.7,316310.3,early
2023-03-26 00:00:00+00:00,0.856474,263.35,316573.65,early
2023-03-27 00:00:00+00:00,1.156523,381.12,316954.77,early
2023-03-28 00:00:00+00:00,-0.134161,-48.52,316906.25,early
2023-03-29 00:00:00+00:00,-0.119927,-42.88,316863.37,early
2023-03-30 00:00:00+00:00,-0.049107,-17.38,316845.99,early
2023-03-31 00:00:00+00:00,0.109186,38.49,316884.47,early
2023-04-01 00:00:00+00:00,0.042054,17.13,316901.6,early
2023-04-02 00:00:00+00:00,-0.118085,-48.1,316853.5,early
2023-04-03 00:00:00+00:00,0.218928,88.28,316941.78,early
2023-04-04 00:00:00+00:00,0.308736,125.82,317067.6,early
2023-04-05 00:00:00+00:00,0.0,0.0,317067.6,early
2023-04-06 00:00:00+00:00,-0.037722,-15.39,317052.21,early
2023-04-07 00:00:00+00:00,0.176129,71.64,317123.85,early
2023-04-08 00:00:00+00:00,0.0,0.0,317123.85,early
2023-04-09 00:00:00+00:00,0.0,0.0,317123.85,early
2023-04-10 00:00:00+00:00,-0.989286,-403.9,316719.94,early
2023-04-11 00:00:00+00:00,0.866574,323.98,317043.92,early
2023-04-12 00:00:00+00:00,0.965502,387.6,317431.52,early
2023-04-13 00:00:00+00:00,1.474036,603.66,318035.18,early
2023-04-14 00:00:00+00:00,0.39916,164.45,318199.63,early
2023-04-15 00:00:00+00:00,0.0,0.0,318199.63,early
2023-04-16 00:00:00+00:00,1.222615,504.52,318704.15,early
2023-04-17 00:00:00+00:00,-0.023933,-9.93,318694.22,early
2023-04-18 00:00:00+00:00,1.588967,657.61,319351.83,early
2023-04-19 00:00:00+00:00,-2.684352,-1120.31,318231.52,early
2023-04-20 00:00:00+00:00,-0.05425,-17.5,318214.02,early
2023-04-21 00:00:00+00:00,-1.864435,-598.59,317615.43,early
2023-04-22 00:00:00+00:00,1.547195,419.64,318035.07,early
2023-04-23 00:00:00+00:00,0.555744,170.11,318205.19,early
2023-04-24 00:00:00+00:00,0.771416,247.1,318452.29,early
2023-04-25 00:00:00+00:00,-0.424597,-144.81,318307.48,early
2023-04-26 00:00:00+00:00,-2.256325,-742.08,317565.39,early
2023-04-27 00:00:00+00:00,0.354908,94.79,317660.19,early
2023-04-28 00:00:00+00:00,0.154982,42.61,317702.8,early
2023-04-29 00:00:00+00:00,0.0,0.0,317702.8,early
2023-04-30 00:00:00+00:00,0.08067,22.46,317725.26,early
2023-05-01 00:00:00+00:00,-0.082315,-33.53,317691.73,early
2023-05-02 00:00:00+00:00,0.0,0.0,317691.73,early
2023-05-03 00:00:00+00:00,1.012334,409.42,318101.15,early
2023-05-04 00:00:00+00:00,0.527024,215.46,318316.62,early
2023-05-05 00:00:00+00:00,0.383164,156.99,318473.6,early
2023-05-06 00:00:00+00:00,-0.936435,-384.26,318089.34,early
2023-05-07 00:00:00+00:00,0.0,0.0,318089.34,early
2023-05-08 00:00:00+00:00,-0.48968,-184.9,317904.44,early
2023-05-09 00:00:00+00:00,0.971414,351.58,318256.02,early
2023-05-10 00:00:00+00:00,-0.856035,-335.37,317920.64,early
2023-05-11 00:00:00+00:00,0.68587,249.18,318169.82,early
2023-05-12 00:00:00+00:00,0.0,0.0,318169.82,early
2023-05-13 00:00:00+00:00,0.576082,221.47,318391.29,early
2023-05-14 00:00:00+00:00,0.0,0.0,318391.29,early
2023-05-15 00:00:00+00:00,-1.22757,-495.09,317896.19,early
2023-05-16 00:00:00+00:00,-1.59972,-577.87,317318.33,early
2023-05-17 00:00:00+00:00,-0.957143,-299.22,317019.11,early
2023-05-18 00:00:00+00:00,0.244126,70.22,317089.33,early
2023-05-19 00:00:00+00:00,0.497405,145.99,317235.32,early
2023-05-20 00:00:00+00:00,1.533379,468.71,317704.03,early
2023-05-21 00:00:00+00:00,0.848035,292.58,317996.61,early
2023-05-22 00:00:00+00:00,0.577088,213.37,318209.98,early
2023-05-23 00:00:00+00:00,-0.519941,-201.66,318008.32,early
2023-05-24 00:00:00+00:00,-1.746479,-647.46,317360.85,early
2023-05-25 00:00:00+00:00,-0.28933,-91.48,317269.37,early
2023-05-26 00:00:00+00:00,-2.84524,-877.81,316391.56,early
2023-05-27 00:00:00+00:00,-1.916315,-451.81,315939.75,early
2023-05-28 00:00:00+00:00,-0.983563,-195.54,315744.21,early
2023-05-29 00:00:00+00:00,0.0,0.0,315744.21,early
2023-05-30 00:00:00+00:00,1.557156,284.83,316029.04,early
2023-05-31 00:00:00+00:00,-4.870566,-1003.77,315025.27,early
2023-06-01 00:00:00+00:00,0.0,0.0,315025.27,early
2023-06-02 00:00:00+00:00,0.41236,163.42,315188.69,early
2023-06-03 00:00:00+00:00,2.117691,840.66,316029.35,early
2023-06-04 00:00:00+00:00,0.038491,15.41,316044.76,early
2023-06-05 00:00:00+00:00,-3.631278,-1454.16,314590.59,early
2023-06-06 00:00:00+00:00,-4.759067,-1322.2,313268.39,early
2023-06-07 00:00:00+00:00,2.149665,364.09,313632.48,early
2023-06-08 00:00:00+00:00,3.826859,761.34,314393.82,early
2023-06-09 00:00:00+00:00,0.0,0.0,314393.82,early
2023-06-10 00:00:00+00:00,1.167344,305.27,314699.09,early
2023-06-11 00:00:00+00:00,0.0,0.0,314699.09,early
2023-06-12 00:00:00+00:00,8.151965,2338.44,317037.53,early
2023-06-13 00:00:00+00:00,0.987424,399.41,317436.95,early
2023-06-14 00:00:00+00:00,0.0,0.0,317436.95,early
2023-06-15 00:00:00+00:00,0.0,0.0,317436.95,early
2023-06-16 00:00:00+00:00,-1.264283,-513.46,316923.49,early
2023-06-17 00:00:00+00:00,1.046297,379.2,317302.69,early
2023-06-18 00:00:00+00:00,-0.415183,-163.85,317138.84,early
2023-06-19 00:00:00+00:00,6.281845,2391.5,319530.33,early
2023-06-20 00:00:00+00:00,-0.308397,-127.88,319402.46,early
2023-06-21 00:00:00+00:00,0.016946,6.84,319409.3,early
2023-06-22 00:00:00+00:00,-1.444599,-584.07,318825.23,early
2023-06-23 00:00:00+00:00,2.815285,998.7,319823.93,early
2023-06-24 00:00:00+00:00,1.016332,422.64,320246.57,early
2023-06-25 00:00:00+00:00,0.0,0.0,320246.57,early
2023-06-26 00:00:00+00:00,-0.169692,-70.86,320175.71,early
2023-06-27 00:00:00+00:00,1.671593,687.88,320863.59,early
2023-06-28 00:00:00+00:00,-0.856974,-360.0,320503.59,early
2023-06-29 00:00:00+00:00,0.0,0.0,320503.59,early
2023-06-30 00:00:00+00:00,-3.985118,-1551.78,318951.81,early
2023-07-01 00:00:00+00:00,0.695259,283.18,319234.99,recent
2023-07-02 00:00:00+00:00,0.203982,83.32,319318.31,recent
2023-07-03 00:00:00+00:00,0.294014,120.19,319438.5,recent
2023-07-04 00:00:00+00:00,0.503825,206.21,319644.71,recent
2023-07-05 00:00:00+00:00,0.009117,3.74,319648.45,recent
2023-07-06 00:00:00+00:00,0.382041,156.69,319805.14,recent
2023-07-07 00:00:00+00:00,0.428669,176.09,319981.22,recent
2023-07-08 00:00:00+00:00,0.0,0.0,319981.22,recent
2023-07-09 00:00:00+00:00,0.489194,201.3,320182.52,recent
2023-07-10 00:00:00+00:00,-0.959542,-395.63,319786.89,recent
2023-07-11 00:00:00+00:00,0.0,0.0,319786.89,recent
2023-07-12 00:00:00+00:00,-0.089392,-33.84,319753.05,recent
2023-07-13 00:00:00+00:00,0.648648,243.71,319996.76,recent
2023-07-14 00:00:00+00:00,-1.669038,-661.69,319335.07,recent
2023-07-15 00:00:00+00:00,0.0,0.0,319335.07,recent
2023-07-16 00:00:00+00:00,6.472538,2203.29,321538.35,recent
2023-07-17 00:00:00+00:00,-0.616313,-257.52,321280.84,recent
2023-07-18 00:00:00+00:00,-0.405545,-160.54,321120.3,recent
2023-07-19 00:00:00+00:00,0.0,0.0,321120.3,recent
2023-07-20 00:00:00+00:00,5.270423,2014.44,323134.74,recent
2023-07-21 00:00:00+00:00,0.0,0.0,323134.74,recent
2023-07-22 00:00:00+00:00,0.0,0.0,323134.74,recent
2023-07-23 00:00:00+00:00,-1.886231,-800.4,322334.34,recent
2023-07-24 00:00:00+00:00,-1.450193,-516.82,321817.52,recent
2023-07-25 00:00:00+00:00,0.502394,157.26,321974.79,recent
2023-07-26 00:00:00+00:00,-0.444831,-145.09,321829.7,recent
2023-07-27 00:00:00+00:00,-0.476991,-149.8,321679.9,recent
2023-07-28 00:00:00+00:00,0.0,0.0,321679.9,recent
2023-07-29 00:00:00+00:00,0.0,0.0,321679.9,recent
2023-07-30 00:00:00+00:00,-2.002347,-603.82,321076.08,recent
2023-07-31 00:00:00+00:00,0.024078,6.06,321082.14,recent
2023-08-01 00:00:00+00:00,-4.682046,-1907.0,319175.14,recent
2023-08-02 00:00:00+00:00,-4.029762,-995.96,318179.18,recent
2023-08-03 00:00:00+00:00,0.0,0.0,318179.18,recent
2023-08-04 00:00:00+00:00,0.0,0.0,318179.18,recent
2023-08-05 00:00:00+00:00,1.423466,236.1,318415.29,recent
2023-08-06 00:00:00+00:00,0.845491,156.41,318571.69,recent
2023-08-07 00:00:00+00:00,0.551259,108.99,318680.68,recent
2023-08-08 00:00:00+00:00,0.0,0.0,318680.68,recent
2023-08-09 00:00:00+00:00,0.62292,128.69,318809.37,recent
2023-08-10 00:00:00+00:00,1.018379,221.1,319030.47,recent
2023-08-11 00:00:00+00:00,-0.124857,-29.37,319001.1,recent
2023-08-12 00:00:00+00:00,0.235676,54.87,319055.97,recent
2023-08-13 00:00:00+00:00,0.0,0.0,319055.97,recent
2023-08-14 00:00:00+00:00,-2.592487,-615.3,318440.67,recent
2023-08-15 00:00:00+00:00,-2.282086,-426.87,318013.81,recent
2023-08-16 00:00:00+00:00,2.138103,326.12,318339.92,recent
2023-08-17 00:00:00+00:00,1.875703,335.52,318675.44,recent
2023-08-18 00:00:00+00:00,39.834177,8212.46,326887.89,recent
2023-08-19 00:00:00+00:00,11.145058,4802.93,331690.82,recent
2023-08-20 00:00:00+00:00,0.0,0.0,331690.82,recent
2023-08-21 00:00:00+00:00,0.0,0.0,331690.82,recent
2023-08-22 00:00:00+00:00,30.018403,13523.57,345214.39,recent
2023-08-23 00:00:00+00:00,13.422264,6786.17,352000.56,recent
2023-08-24 00:00:00+00:00,0.0,0.0,352000.56,recent
2023-08-25 00:00:00+00:00,3.637573,1939.67,353940.22,recent
2023-08-26 00:00:00+00:00,0.0,0.0,353940.22,recent
2023-08-27 00:00:00+00:00,0.0,0.0,353940.22,recent
2023-08-28 00:00:00+00:00,0.0,0.0,353940.22,recent
2023-08-29 00:00:00+00:00,5.372843,2907.41,356847.64,recent
2023-08-30 00:00:00+00:00,14.582917,8063.96,364911.59,recent
2023-08-31 00:00:00+00:00,-2.776385,-1626.45,363285.14,recent
2023-09-01 00:00:00+00:00,2.693864,1097.21,364382.35,recent
2023-09-02 00:00:00+00:00,0.0,0.0,364382.35,recent
2023-09-03 00:00:00+00:00,0.516067,212.5,364594.85,recent
2023-09-04 00:00:00+00:00,-0.122,-50.34,364544.51,recent
2023-09-05 00:00:00+00:00,0.0,0.0,364544.51,recent
2023-09-06 00:00:00+00:00,-0.475653,-194.22,364350.28,recent
2023-09-07 00:00:00+00:00,0.3609,141.39,364491.67,recent
2023-09-08 00:00:00+00:00,-0.825597,-333.39,364158.28,recent
2023-09-09 00:00:00+00:00,0.0,0.0,364158.28,recent
2023-09-10 00:00:00+00:00,4.190475,1573.3,365731.58,recent
2023-09-11 00:00:00+00:00,0.0,0.0,365731.58,recent
2023-09-12 00:00:00+00:00,-3.957999,-1651.53,364080.05,recent
2023-09-13 00:00:00+00:00,0.891971,248.12,364328.17,recent
2023-09-14 00:00:00+00:00,23.493673,7019.74,371347.91,recent
2023-09-15 00:00:00+00:00,21.214804,9337.48,380685.38,recent
2023-09-16 00:00:00+00:00,0.0,0.0,380685.38,recent
2023-09-17 00:00:00+00:00,-0.855198,-408.93,380276.45,recent
2023-09-18 00:00:00+00:00,-0.610807,-270.78,380005.68,recent
2023-09-19 00:00:00+00:00,-1.179292,-495.72,379509.96,recent
2023-09-20 00:00:00+00:00,-2.341485,-886.47,378623.49,recent
2023-09-21 00:00:00+00:00,-0.56865,-173.3,378450.19,recent
2023-09-22 00:00:00+00:00,0.074953,21.77,378471.96,recent
2023-09-23 00:00:00+00:00,0.0,0.0,378471.96,recent
2023-09-24 00:00:00+00:00,0.785563,229.58,378701.54,recent
2023-09-25 00:00:00+00:00,-2.943674,-916.12,377785.41,recent
2023-09-26 00:00:00+00:00,-2.876924,-678.85,377106.56,recent
2023-09-27 00:00:00+00:00,-2.866765,-518.74,376587.82,recent
2023-09-28 00:00:00+00:00,0.463116,64.53,376652.35,recent
2023-09-29 00:00:00+00:00,0.0,0.0,376652.35,recent
2023-09-30 00:00:00+00:00,0.0,0.0,376652.35,recent
2023-10-01 00:00:00+00:00,2.78888,1135.91,377788.26,recent
2023-10-02 00:00:00+00:00,-3.149827,-1297.5,376490.77,recent
2023-10-03 00:00:00+00:00,-0.435025,-131.51,376359.26,recent
2023-10-04 00:00:00+00:00,-1.818792,-529.89,375829.36,recent
2023-10-05 00:00:00+00:00,0.627183,155.21,375984.57,recent
2023-10-06 00:00:00+00:00,-1.531562,-398.62,375585.95,recent
2023-10-07 00:00:00+00:00,0.0,0.0,375585.95,recent
2023-10-08 00:00:00+00:00,0.0,0.0,375585.95,recent
2023-10-09 00:00:00+00:00,-0.903147,-205.43,375380.52,recent
2023-10-10 00:00:00+00:00,0.0,0.0,375380.52,recent
2023-10-11 00:00:00+00:00,0.0,0.0,375380.52,recent
2023-10-12 00:00:00+00:00,2.116738,445.9,375826.41,recent
2023-10-13 00:00:00+00:00,0.0,0.0,375826.41,recent
2023-10-14 00:00:00+00:00,-1.321115,-326.61,375499.8,recent
2023-10-15 00:00:00+00:00,-0.119793,-26.4,375473.4,recent
2023-10-16 00:00:00+00:00,-4.726206,-1031.47,374441.93,recent
2023-10-17 00:00:00+00:00,-0.43615,-58.76,374383.17,recent
2023-10-18 00:00:00+00:00,0.0,0.0,374383.17,recent
2023-10-19 00:00:00+00:00,1.09182,141.96,374525.12,recent
2023-10-20 00:00:00+00:00,0.0,0.0,374525.12,recent
2023-10-21 00:00:00+00:00,0.0,0.0,374525.12,recent
2023-10-22 00:00:00+00:00,0.05013,7.09,374532.21,recent
2023-10-23 00:00:00+00:00,8.64578,1227.41,375759.62,recent
2023-10-24 00:00:00+00:00,2.530262,611.63,376371.25,recent
2023-10-25 00:00:00+00:00,1.71988,502.79,376874.04,recent
2023-10-26 00:00:00+00:00,4.622119,1545.65,378419.69,recent
2023-10-27 00:00:00+00:00,-0.228163,-94.57,378325.12,recent
2023-10-28 00:00:00+00:00,16.264309,6610.08,384935.2,recent
2023-10-29 00:00:00+00:00,1.848883,815.42,385750.62,recent
2023-10-30 00:00:00+00:00,16.165398,7183.21,392933.84,recent
2023-10-31 00:00:00+00:00,0.0,0.0,392933.84,recent
2023-11-01 00:00:00+00:00,0.0,0.0,392933.84,recent
2023-11-02 00:00:00+00:00,3.223617,1312.98,394246.81,recent
2023-11-03 00:00:00+00:00,-0.027441,-11.32,394235.49,recent
2023-11-04 00:00:00+00:00,3.614096,1487.85,395723.34,recent
2023-11-05 00:00:00+00:00,2.933884,1228.3,396951.64,recent
2023-11-06 00:00:00+00:00,4.09291,1734.02,398685.67,recent
2023-11-07 00:00:00+00:00,1.211002,521.61,399207.28,recent
2023-11-08 00:00:00+00:00,1.579511,683.69,399890.97,recent
2023-11-09 00:00:00+00:00,-1.996133,-869.59,399021.38,recent
2023-11-10 00:00:00+00:00,0.0,0.0,399021.38,recent
2023-11-11 00:00:00+00:00,1.241747,449.31,399470.69,recent
2023-11-12 00:00:00+00:00,3.201146,1279.89,400750.58,recent
2023-11-13 00:00:00+00:00,1.89943,834.11,401584.69,recent
2023-11-14 00:00:00+00:00,-2.703604,-1196.44,400388.25,recent
2023-11-15 00:00:00+00:00,0.994492,339.39,400727.65,recent
2023-11-16 00:00:00+00:00,0.750793,277.63,401005.27,recent
2023-11-17 00:00:00+00:00,0.0,0.0,401005.27,recent
2023-11-18 00:00:00+00:00,2.039163,801.85,401807.13,recent
2023-11-19 00:00:00+00:00,-1.543919,-684.64,401122.49,recent
2023-11-20 00:00:00+00:00,6.880381,2650.55,403773.04,recent
2023-11-21 00:00:00+00:00,2.820861,1273.47,405046.51,recent
2023-11-22 00:00:00+00:00,2.731112,1247.12,406293.63,recent
2023-11-23 00:00:00+00:00,0.799624,369.2,406662.83,recent
2023-11-24 00:00:00+00:00,-0.108492,-50.26,406612.57,recent
2023-11-25 00:00:00+00:00,0.0,0.0,406612.57,recent
2023-11-26 00:00:00+00:00,-2.143869,-983.87,405628.71,recent
2023-11-27 00:00:00+00:00,0.0,0.0,405628.71,recent
2023-11-28 00:00:00+00:00,-0.056779,-21.32,405607.38,recent
2023-11-29 00:00:00+00:00,4.050154,1513.71,407121.09,recent
2023-11-30 00:00:00+00:00,0.0,0.0,407121.09,recent
2023-12-01 00:00:00+00:00,0.996662,405.94,407527.03,recent
2023-12-02 00:00:00+00:00,0.347979,142.31,407669.34,recent
2023-12-03 00:00:00+00:00,-1.068709,-437.67,407231.67,recent
2023-12-04 00:00:00+00:00,-2.054311,-764.72,406466.94,recent
2023-12-05 00:00:00+00:00,2.417141,744.14,407211.08,recent
2023-12-06 00:00:00+00:00,1.502994,556.87,407767.95,recent
2023-12-07 00:00:00+00:00,0.0,0.0,407767.95,recent
2023-12-08 00:00:00+00:00,2.180932,894.04,408661.99,recent
2023-12-09 00:00:00+00:00,2.952627,1221.14,409883.13,recent
2023-12-10 00:00:00+00:00,-0.296477,-124.09,409759.04,recent
2023-12-11 00:00:00+00:00,-1.894175,-772.73,408986.32,recent
2023-12-12 00:00:00+00:00,1.914728,655.76,409642.07,recent
2023-12-13 00:00:00+00:00,1.091495,434.39,410076.46,recent
2023-12-14 00:00:00+00:00,0.059843,25.09,410101.56,recent
2023-12-15 00:00:00+00:00,3.459084,1450.88,411552.43,recent
2023-12-16 00:00:00+00:00,1.100959,468.29,412020.72,recent
2023-12-17 00:00:00+00:00,0.0,0.0,412020.72,recent
2023-12-18 00:00:00+00:00,-2.486042,-1062.18,410958.55,recent
2023-12-19 00:00:00+00:00,1.709583,576.61,411535.16,recent
2023-12-20 00:00:00+00:00,0.0,0.0,411535.16,recent
2023-12-21 00:00:00+00:00,0.0,0.0,411535.16,recent
2023-12-22 00:00:00+00:00,0.0,0.0,411535.16,recent
2023-12-23 00:00:00+00:00,0.743539,286.94,411822.09,recent
2023-12-24 00:00:00+00:00,-0.352686,-144.71,411677.39,recent
2023-12-25 00:00:00+00:00,0.003105,1.24,411678.62,recent
2023-12-26 00:00:00+00:00,-4.696079,-1869.44,409809.18,recent
2023-12-27 00:00:00+00:00,1.380254,333.88,410143.06,recent
2023-12-28 00:00:00+00:00,0.0,0.0,410143.06,recent
2023-12-29 00:00:00+00:00,-4.630171,-1247.33,408895.73,recent
2023-12-30 00:00:00+00:00,0.0,0.0,408895.73,recent
2023-12-31 00:00:00+00:00,0.106913,17.91,408913.64,recent
2024-01-01 00:00:00+00:00,3.711175,1511.56,410425.2,recent
2024-01-02 00:00:00+00:00,-1.626188,-672.36,409752.84,recent
2024-01-03 00:00:00+00:00,-1.599082,-569.77,409183.07,recent
2024-01-04 00:00:00+00:00,2.129982,657.0,409840.07,recent
2024-01-05 00:00:00+00:00,0.0,0.0,409840.07,recent
2024-01-06 00:00:00+00:00,2.660211,967.47,410807.55,recent
2024-01-07 00:00:00+00:00,0.102825,42.67,410850.22,recent
2024-01-08 00:00:00+00:00,0.0,0.0,410850.22,recent
2024-01-09 00:00:00+00:00,-1.656592,-687.8,410162.42,recent
2024-01-10 00:00:00+00:00,0.677918,241.84,410404.26,recent
2024-01-11 00:00:00+00:00,0.711936,268.54,410672.8,recent
2024-01-12 00:00:00+00:00,-2.401844,-960.83,409711.98,recent
2024-01-13 00:00:00+00:00,0.0,0.0,409711.98,recent
2024-01-14 00:00:00+00:00,0.0,0.0,409711.98,recent
2024-01-15 00:00:00+00:00,0.022838,7.28,409719.26,recent
2024-01-16 00:00:00+00:00,0.195198,62.36,409781.62,recent
2024-01-17 00:00:00+00:00,0.759982,246.77,410028.38,recent
2024-01-18 00:00:00+00:00,0.66854,230.94,410259.32,recent
2024-01-19 00:00:00+00:00,0.098436,35.92,410295.24,recent
2024-01-20 00:00:00+00:00,-0.82728,-304.41,409990.83,recent
2024-01-21 00:00:00+00:00,-0.319895,-109.49,409881.34,recent
2024-01-22 00:00:00+00:00,-0.686174,-228.54,409652.8,recent
2024-01-23 00:00:00+00:00,-0.705511,-221.47,409431.33,recent
2024-01-24 00:00:00+00:00,0.0,0.0,409431.33,recent
2024-01-25 00:00:00+00:00,3.149045,930.34,410361.67,recent
2024-01-26 00:00:00+00:00,-0.799753,-298.78,410062.89,recent
2024-01-27 00:00:00+00:00,0.0,0.0,410062.89,recent
2024-01-28 00:00:00+00:00,-0.475782,-165.73,409897.15,recent
2024-01-29 00:00:00+00:00,-0.932077,-311.68,409585.47,recent
2024-01-30 00:00:00+00:00,-0.729081,-224.77,409360.7,recent
2024-01-31 00:00:00+00:00,-1.832583,-530.64,408830.06,recent
2024-02-01 00:00:00+00:00,1.384222,563.32,409393.39,recent
2024-02-02 00:00:00+00:00,3.152771,1290.28,410683.67,recent
2024-02-03 00:00:00+00:00,1.12116,464.73,411148.4,recent
2024-02-04 00:00:00+00:00,0.066028,27.49,411175.9,recent
2024-02-05 00:00:00+00:00,1.871722,779.6,411955.5,recent
2024-02-06 00:00:00+00:00,0.0,0.0,411955.5,recent
2024-02-07 00:00:00+00:00,0.0,0.0,411955.5,recent
2024-02-08 00:00:00+00:00,0.0,0.0,411955.5,recent
2024-02-09 00:00:00+00:00,0.259484,108.9,412064.4,recent
2024-02-10 00:00:00+00:00,2.249425,945.06,413009.46,recent
2024-02-11 00:00:00+00:00,1.745644,740.12,413749.58,recent
2024-02-12 00:00:00+00:00,1.423315,607.75,414357.33,recent
2024-02-13 00:00:00+00:00,0.654005,280.88,414638.21,recent
2024-02-14 00:00:00+00:00,4.659867,2006.61,416644.82,recent
2024-02-15 00:00:00+00:00,3.403591,1493.46,418138.28,recent
2024-02-16 00:00:00+00:00,-0.383992,-170.83,417967.45,recent
2024-02-17 00:00:00+00:00,-0.893394,-384.41,417583.04,recent
2024-02-18 00:00:00+00:00,0.0,0.0,417583.04,recent
2024-02-19 00:00:00+00:00,0.0,0.0,417583.04,recent
2024-02-20 00:00:00+00:00,-0.108753,-43.24,417539.8,recent
2024-02-21 00:00:00+00:00,2.201997,867.48,418407.27,recent
2024-02-22 00:00:00+00:00,-0.35747,-159.42,418247.85,recent
2024-02-23 00:00:00+00:00,1.086929,469.93,418717.79,recent
2024-02-24 00:00:00+00:00,0.0183,8.18,418725.97,recent
2024-02-25 00:00:00+00:00,-0.386652,-172.94,418553.04,recent
2024-02-26 00:00:00+00:00,0.018179,7.86,418560.9,recent
2024-02-27 00:00:00+00:00,-0.856842,-371.16,418189.74,recent
2024-02-28 00:00:00+00:00,-4.705084,-1889.63,416300.12,recent
2024-02-29 00:00:00+00:00,5.25659,1283.35,417583.46,recent
2024-03-01 00:00:00+00:00,4.393164,1789.34,419372.8,recent
2024-03-02 00:00:00+00:00,0.923202,382.75,419755.55,recent
2024-03-03 00:00:00+00:00,-1.034513,-430.51,419325.04,recent
2024-03-04 00:00:00+00:00,7.102842,2695.33,422020.37,recent
2024-03-05 00:00:00+00:00,8.232541,3501.89,425522.26,recent
2024-03-06 00:00:00+00:00,-1.758097,-772.92,424749.33,recent
2024-03-07 00:00:00+00:00,6.765621,2530.18,427279.51,recent
2024-03-08 00:00:00+00:00,18.553006,8289.33,435568.85,recent
2024-03-09 00:00:00+00:00,0.172186,82.74,435651.59,recent
2024-03-10 00:00:00+00:00,11.886972,5716.34,441367.93,recent
2024-03-11 00:00:00+00:00,8.817115,4445.36,445813.3,recent
2024-03-12 00:00:00+00:00,9.401725,4910.33,450723.63,recent
2024-03-13 00:00:00+00:00,0.301521,163.51,450887.14,recent
2024-03-14 00:00:00+00:00,-1.064411,-577.92,450309.22,recent
2024-03-15 00:00:00+00:00,-0.398003,-196.5,450112.72,recent
2024-03-16 00:00:00+00:00,0.816113,389.35,450502.06,recent
2024-03-17 00:00:00+00:00,0.0,0.0,450502.06,recent
2024-03-18 00:00:00+00:00,1.795607,915.94,451418.0,recent
2024-03-19 00:00:00+00:00,-0.43121,-235.06,451182.95,recent
2024-03-20 00:00:00+00:00,-0.627775,-329.6,450853.34,recent
2024-03-21 00:00:00+00:00,0.939094,466.73,451320.08,recent
2024-03-22 00:00:00+00:00,0.829791,445.38,451765.46,recent
2024-03-23 00:00:00+00:00,-0.029985,-16.39,451749.07,recent
2024-03-24 00:00:00+00:00,0.0,0.0,451749.07,recent
2024-03-25 00:00:00+00:00,0.678442,369.83,452118.9,recent
2024-03-26 00:00:00+00:00,-0.675664,-370.24,451748.67,recent
2024-03-27 00:00:00+00:00,-0.116629,-60.22,451688.44,recent
2024-03-28 00:00:00+00:00,0.064296,32.87,451721.31,recent
2024-03-29 00:00:00+00:00,0.781973,401.97,452123.29,recent
2024-03-30 00:00:00+00:00,0.0,0.0,452123.29,recent
2024-03-31 00:00:00+00:00,0.0,0.0,452123.29,recent
2024-04-01 00:00:00+00:00,-0.640525,-260.89,451862.4,recent
2024-04-02 00:00:00+00:00,-1.142861,-440.05,451422.35,recent
2024-04-03 00:00:00+00:00,-0.709399,-246.69,451175.66,recent
2024-04-04 00:00:00+00:00,-1.4594,-477.19,450698.47,recent
2024-04-05 00:00:00+00:00,0.131485,37.75,450736.22,recent
2024-04-06 00:00:00+00:00,0.536239,155.63,450891.85,recent
2024-04-07 00:00:00+00:00,-0.184515,-55.95,450835.9,recent
2024-04-08 00:00:00+00:00,-0.168467,-50.29,450785.61,recent
2024-04-09 00:00:00+00:00,-0.859317,-252.93,450532.68,recent
2024-04-10 00:00:00+00:00,-1.083545,-296.14,450236.53,recent
2024-04-11 00:00:00+00:00,0.175874,43.76,450280.29,recent
2024-04-12 00:00:00+00:00,-1.349376,-340.62,449939.67,recent
2024-04-13 00:00:00+00:00,0.496515,111.42,450051.09,recent
2024-04-14 00:00:00+00:00,2.85069,665.8,450716.89,recent
2024-04-15 00:00:00+00:00,3.668326,1058.74,451775.64,recent
2024-04-16 00:00:00+00:00,0.956323,361.17,452136.8,recent
2024-04-17 00:00:00+00:00,0.0,0.0,452136.8,recent
2024-04-18 00:00:00+00:00,0.944527,384.76,452521.56,recent
2024-04-19 00:00:00+00:00,2.214706,905.64,453427.2,recent
2024-04-20 00:00:00+00:00,-0.154988,-63.95,453363.25,recent
2024-04-21 00:00:00+00:00,0.0,0.0,453363.25,recent
2024-04-22 00:00:00+00:00,-0.956788,-389.55,452973.7,recent
2024-04-23 00:00:00+00:00,0.143828,53.79,453027.49,recent
2024-04-24 00:00:00+00:00,-2.07013,-783.65,452243.84,recent
2024-04-25 00:00:00+00:00,0.105294,32.91,452276.75,recent
2024-04-26 00:00:00+00:00,0.645478,203.5,452480.25,recent
2024-04-27 00:00:00+00:00,-0.048902,-16.25,452464.0,recent
2024-04-28 00:00:00+00:00,0.0,0.0,452464.0,recent
2024-04-29 00:00:00+00:00,-0.784449,-259.63,452204.37,recent
2024-04-30 00:00:00+00:00,-0.245689,-75.97,452128.4,recent
2024-05-01 00:00:00+00:00,-0.790793,-322.09,451806.31,recent
2024-05-02 00:00:00+00:00,0.892472,338.99,452145.3,recent
2024-05-03 00:00:00+00:00,-0.984545,-401.07,451744.23,recent
2024-05-04 00:00:00+00:00,-1.568305,-585.28,451158.94,recent
2024-05-05 00:00:00+00:00,0.0,0.0,451158.94,recent
2024-05-06 00:00:00+00:00,-0.244629,-79.21,451079.73,recent
2024-05-07 00:00:00+00:00,0.24068,76.33,451156.07,recent
2024-05-08 00:00:00+00:00,-1.256428,-406.52,450749.54,recent
2024-05-09 00:00:00+00:00,-0.596387,-172.7,450576.85,recent
2024-05-10 00:00:00+00:00,0.381449,104.98,450681.83,recent
2024-05-11 00:00:00+00:00,-0.0171,-4.86,450676.97,recent
2024-05-12 00:00:00+00:00,1.679598,476.22,451153.2,recent
2024-05-13 00:00:00+00:00,-2.772055,-896.24,450256.96,recent
2024-05-14 00:00:00+00:00,0.0,0.0,450256.96,recent
2024-05-15 00:00:00+00:00,-2.441228,-607.27,449649.68,recent
2024-05-16 00:00:00+00:00,-0.052014,-10.35,449639.33,recent
2024-05-17 00:00:00+00:00,0.14787,29.3,449668.63,recent
2024-05-18 00:00:00+00:00,1.6846,337.81,450006.44,recent
2024-05-19 00:00:00+00:00,-1.216182,-277.47,449728.97,recent
2024-05-20 00:00:00+00:00,-0.261278,-53.68,449675.29,recent
2024-05-21 00:00:00+00:00,0.0,0.0,449675.29,recent
2024-05-22 00:00:00+00:00,1.622507,326.24,450001.53,recent
2024-05-23 00:00:00+00:00,-2.746441,-625.5,449376.03,recent
2024-05-24 00:00:00+00:00,1.368261,241.84,449617.87,recent
2024-05-25 00:00:00+00:00,0.0,0.0,449617.87,recent
2024-05-26 00:00:00+00:00,0.0,0.0,449617.87,recent
2024-05-27 00:00:00+00:00,0.0,0.0,449617.87,recent
2024-05-28 00:00:00+00:00,0.0,0.0,449617.87,recent
2024-05-29 00:00:00+00:00,0.544898,107.01,449724.88,recent
2024-05-30 00:00:00+00:00,0.0,0.0,449724.88,recent
2024-05-31 00:00:00+00:00,1.282092,262.98,449987.86,recent
2024-06-01 00:00:00+00:00,0.0,0.0,449987.86,recent
2024-06-02 00:00:00+00:00,-0.846915,-337.56,449650.29,recent
2024-06-03 00:00:00+00:00,-1.470415,-543.76,449106.53,recent
2024-06-04 00:00:00+00:00,-0.864541,-279.98,448826.55,recent
2024-06-05 00:00:00+00:00,0.0,0.0,448826.55,recent
2024-06-06 00:00:00+00:00,-0.445951,-133.95,448692.6,recent
2024-06-07 00:00:00+00:00,-0.389341,-112.59,448580.01,recent
2024-06-08 00:00:00+00:00,0.0,0.0,448580.01,recent
2024-06-09 00:00:00+00:00,0.0,0.0,448580.01,recent
2024-06-10 00:00:00+00:00,0.60995,170.67,448750.68,recent
2024-06-11 00:00:00+00:00,-0.772968,-227.28,448523.4,recent
2024-06-12 00:00:00+00:00,-3.62805,-998.1,447525.3,recent
2024-06-13 00:00:00+00:00,0.775317,149.64,447674.93,recent
2024-06-14 00:00:00+00:00,3.330195,683.37,448358.3,recent
2024-06-15 00:00:00+00:00,-0.369437,-96.57,448261.72,recent
2024-06-16 00:00:00+00:00,0.864653,219.12,448480.84,recent
2024-06-17 00:00:00+00:00,0.529645,143.84,448624.68,recent
2024-06-18 00:00:00+00:00,-1.590571,-450.98,448173.7,recent
2024-06-19 00:00:00+00:00,0.0,0.0,448173.7,recent
2024-06-20 00:00:00+00:00,0.022673,5.58,448179.29,recent
2024-06-21 00:00:00+00:00,3.964408,977.67,449156.95,recent
2024-06-22 00:00:00+00:00,0.0,0.0,449156.95,recent
2024-06-23 00:00:00+00:00,0.0,0.0,449156.95,recent
2024-06-24 00:00:00+00:00,2.78194,912.72,450069.67,recent
2024-06-25 00:00:00+00:00,-1.652841,-659.34,449410.33,recent
2024-06-26 00:00:00+00:00,-0.925862,-317.46,449092.87,recent
2024-06-27 00:00:00+00:00,0.0,0.0,449092.87,recent
2024-06-28 00:00:00+00:00,0.075218,23.78,449116.65,recent
2024-06-29 00:00:00+00:00,0.0,0.0,449116.65,recent
2024-06-30 00:00:00+00:00,-0.836129,-266.02,448850.63,recent
2024-07-01 00:00:00+00:00,0.0,0.0,448850.63,recent
2024-07-02 00:00:00+00:00,-2.766661,-1089.93,447760.7,recent
2024-07-03 00:00:00+00:00,-3.652231,-1101.97,446658.73,recent
2024-07-04 00:00:00+00:00,0.0,0.0,446658.73,recent
2024-07-05 00:00:00+00:00,0.0,0.0,446658.73,recent
2024-07-06 00:00:00+00:00,2.490282,524.25,447182.98,recent
2024-07-07 00:00:00+00:00,3.975722,1008.45,448191.43,recent
2024-07-08 00:00:00+00:00,0.0,0.0,448191.43,recent
2024-07-09 00:00:00+00:00,0.0,0.0,448191.43,recent
2024-07-10 00:00:00+00:00,3.793564,1281.97,449473.4,recent
2024-07-11 00:00:00+00:00,0.894488,354.65,449828.05,recent
2024-07-12 00:00:00+00:00,-1.342904,-534.38,449293.67,recent
2024-07-13 00:00:00+00:00,0.0,0.0,449293.67,recent
2024-07-14 00:00:00+00:00,2.65617,936.2,450229.87,recent
2024-07-15 00:00:00+00:00,-1.726487,-689.85,449540.02,recent
2024-07-16 00:00:00+00:00,-0.541564,-184.65,449355.37,recent
2024-07-17 00:00:00+00:00,1.891882,615.63,449970.99,recent
2024-07-18 00:00:00+00:00,2.242122,846.36,450817.35,recent
2024-07-19 00:00:00+00:00,0.593359,238.51,451055.86,recent
2024-07-20 00:00:00+00:00,1.205616,485.78,451541.64,recent
2024-07-21 00:00:00+00:00,2.997319,1213.64,452755.28,recent
2024-07-22 00:00:00+00:00,-0.387977,-159.01,452596.27,recent
2024-07-23 00:00:00+00:00,-1.22355,-484.86,452111.41,recent
2024-07-24 00:00:00+00:00,-0.308135,-109.42,452001.99,recent
2024-07-25 00:00:00+00:00,-0.881222,-304.8,451697.19,recent
2024-07-26 00:00:00+00:00,1.154901,369.87,452067.05,recent
2024-07-27 00:00:00+00:00,-0.791947,-278.27,451788.79,recent
2024-07-28 00:00:00+00:00,1.415978,464.36,452253.15,recent
2024-07-29 00:00:00+00:00,0.609841,223.88,452477.02,recent
2024-07-30 00:00:00+00:00,-0.003496,-1.35,452475.67,recent
2024-07-31 00:00:00+00:00,0.178965,69.08,452544.76,recent
2024-08-01 00:00:00+00:00,-2.204338,-897.83,451646.93,recent
2024-08-02 00:00:00+00:00,0.0,0.0,451646.93,recent
2024-08-03 00:00:00+00:00,0.255605,84.65,451731.58,recent
2024-08-04 00:00:00+00:00,1.772195,599.51,452331.08,recent
2024-08-05 00:00:00+00:00,0.833553,324.3,452655.39,recent
2024-08-06 00:00:00+00:00,-0.293805,-119.8,452535.59,recent
2024-08-07 00:00:00+00:00,2.745521,1091.39,453626.97,recent
2024-08-08 00:00:00+00:00,2.646978,1089.78,454716.75,recent
2024-08-09 00:00:00+00:00,0.290185,120.76,454837.51,recent
2024-08-10 00:00:00+00:00,0.0,0.0,454837.51,recent
2024-08-11 00:00:00+00:00,-0.551968,-229.97,454607.54,recent
2024-08-12 00:00:00+00:00,0.0,0.0,454607.54,recent
2024-08-13 00:00:00+00:00,0.0,0.0,454607.54,recent
2024-08-14 00:00:00+00:00,1.726925,685.61,455293.15,recent
2024-08-15 00:00:00+00:00,2.665209,1115.37,456408.53,recent
2024-08-16 00:00:00+00:00,-0.431889,-182.71,456225.82,recent
2024-08-17 00:00:00+00:00,0.0,0.0,456225.82,recent
2024-08-18 00:00:00+00:00,-0.882097,-359.4,455866.42,recent
2024-08-19 00:00:00+00:00,0.0,0.0,455866.42,recent
2024-08-20 00:00:00+00:00,-0.40659,-153.24,455713.18,recent
2024-08-21 00:00:00+00:00,-0.132738,-48.31,455664.87,recent
2024-08-22 00:00:00+00:00,-0.027386,-9.86,455655.01,recent
2024-08-23 00:00:00+00:00,0.336664,120.87,455775.89,recent
2024-08-24 00:00:00+00:00,0.580507,214.35,455990.23,recent
2024-08-25 00:00:00+00:00,-0.300846,-116.55,455873.69,recent
2024-08-26 00:00:00+00:00,-0.582517,-219.91,455653.78,recent
2024-08-27 00:00:00+00:00,-0.595804,-213.85,455439.93,recent
2024-08-28 00:00:00+00:00,-0.402029,-137.06,455302.87,recent
2024-08-29 00:00:00+00:00,-0.709551,-233.74,455069.12,recent
2024-08-30 00:00:00+00:00,0.184252,57.1,455126.22,recent
2024-08-31 00:00:00+00:00,1.150089,361.87,455488.09,recent
2024-09-01 00:00:00+00:00,-0.150189,-61.17,455426.92,recent
2024-09-02 00:00:00+00:00,-0.570687,-229.46,455197.46,recent
2024-09-03 00:00:00+00:00,0.200585,76.73,455274.19,recent
2024-09-04 00:00:00+00:00,-1.194838,-464.84,454809.35,recent
2024-09-05 00:00:00+00:00,0.260906,91.22,454900.56,recent
2024-09-06 00:00:00+00:00,0.489714,174.99,455075.55,recent
2024-09-07 00:00:00+00:00,0.057174,21.28,455096.83,recent
2024-09-08 00:00:00+00:00,-0.413021,-154.45,454942.38,recent
2024-09-09 00:00:00+00:00,-2.263224,-816.72,454125.66,recent
2024-09-10 00:00:00+00:00,0.338924,99.06,454224.72,recent
2024-09-11 00:00:00+00:00,0.088216,26.51,454251.23,recent
2024-09-12 00:00:00+00:00,-0.024143,-7.31,454243.92,recent
2024-09-13 00:00:00+00:00,0.0,0.0,454243.92,recent
2024-09-14 00:00:00+00:00,0.048648,14.7,454258.62,recent
2024-09-15 00:00:00+00:00,-0.931429,-282.57,453976.05,recent
2024-09-16 00:00:00+00:00,-0.938967,-262.75,453713.3,recent
2024-09-17 00:00:00+00:00,0.155756,40.19,453753.49,recent
2024-09-18 00:00:00+00:00,-0.927551,-242.45,453511.04,recent
2024-09-19 00:00:00+00:00,0.367148,88.62,453599.66,recent
2024-09-20 00:00:00+00:00,1.480729,368.23,453967.9,recent
2024-09-21 00:00:00+00:00,0.739168,206.34,454174.24,recent
2024-09-22 00:00:00+00:00,1.066592,316.06,454490.3,recent
2024-09-23 00:00:00+00:00,0.438965,141.68,454631.98,recent
2024-09-24 00:00:00+00:00,-0.86148,-288.31,454343.67,recent
2024-09-25 00:00:00+00:00,0.952891,295.85,454639.52,recent
2024-09-26 00:00:00+00:00,2.086207,699.52,455339.04,recent
2024-09-27 00:00:00+00:00,1.744239,688.22,456027.27,recent
2024-09-28 00:00:00+00:00,0.406636,166.52,456193.78,recent
2024-09-29 00:00:00+00:00,0.678254,278.2,456471.99,recent
2024-09-30 00:00:00+00:00,-1.978667,-813.84,455658.15,recent
2024-10-01 00:00:00+00:00,-1.607693,-654.81,455003.33,recent
2024-10-02 00:00:00+00:00,-0.652541,-229.46,454773.87,recent
2024-10-03 00:00:00+00:00,0.010439,3.47,454777.34,recent
2024-10-04 00:00:00+00:00,0.547495,182.09,454959.43,recent
2024-10-05 00:00:00+00:00,0.32821,114.2,455073.63,recent
2024-10-06 00:00:00+00:00,-0.637842,-228.08,454845.55,recent
2024-10-07 00:00:00+00:00,-1.50339,-508.65,454336.9,recent
2024-10-08 00:00:00+00:00,0.532862,157.57,454494.47,recent
2024-10-09 00:00:00+00:00,0.83684,258.48,454752.95,recent
2024-10-10 00:00:00+00:00,-1.331393,-440.08,454312.87,recent
2024-10-11 00:00:00+00:00,-1.592741,-467.8,453845.06,recent
2024-10-12 00:00:00+00:00,-0.351625,-89.63,453755.44,recent
2024-10-13 00:00:00+00:00,0.0,0.0,453755.44,recent
2024-10-14 00:00:00+00:00,0.09319,23.06,453778.5,recent
2024-10-15 00:00:00+00:00,-5.270967,-1314.61,452463.89,recent
2024-10-16 00:00:00+00:00,0.184787,26.31,452490.2,recent
2024-10-17 00:00:00+00:00,0.837202,120.99,452611.19,recent
2024-10-18 00:00:00+00:00,0.190612,29.4,452640.59,recent
2024-10-19 00:00:00+00:00,0.898887,140.78,452781.37,recent
2024-10-20 00:00:00+00:00,-0.138814,-23.32,452758.05,recent
2024-10-21 00:00:00+00:00,1.3859,230.19,452988.24,recent
2024-10-22 00:00:00+00:00,-1.756537,-324.51,452663.74,recent
2024-10-23 00:00:00+00:00,-0.018525,-2.94,452660.8,recent
2024-10-24 00:00:00+00:00,-1.652452,-261.5,452399.31,recent
2024-10-25 00:00:00+00:00,0.130165,17.86,452417.17,recent
2024-10-26 00:00:00+00:00,0.875576,121.4,452538.56,recent
2024-10-27 00:00:00+00:00,1.079807,160.24,452698.81,recent
2024-10-28 00:00:00+00:00,0.519155,83.75,452782.55,recent
2024-10-29 00:00:00+00:00,0.089493,15.04,452797.59,recent
2024-10-30 00:00:00+00:00,0.698151,118.19,452915.79,recent
2024-10-31 00:00:00+00:00,-0.756839,-135.37,452780.42,recent
2024-11-01 00:00:00+00:00,0.381746,151.01,452931.43,recent
2024-11-02 00:00:00+00:00,0.0,0.0,452931.43,recent
2024-11-03 00:00:00+00:00,-1.098339,-435.16,452496.27,recent
2024-11-04 00:00:00+00:00,0.074401,26.72,452522.99,recent
2024-11-05 00:00:00+00:00,-2.28743,-826.67,451696.32,recent
2024-11-06 00:00:00+00:00,-1.815383,-529.78,451166.53,recent
2024-11-07 00:00:00+00:00,-0.421618,-104.5,451062.04,recent
2024-11-08 00:00:00+00:00,0.628133,150.27,451212.3,recent
2024-11-09 00:00:00+00:00,2.320442,583.89,451796.19,recent
2024-11-10 00:00:00+00:00,-0.426335,-127.97,451668.22,recent
2024-11-11 00:00:00+00:00,0.0,0.0,451668.22,recent
2024-11-12 00:00:00+00:00,6.244108,1807.57,453475.79,recent
2024-11-13 00:00:00+00:00,13.755284,5480.26,458956.05,recent
2024-11-14 00:00:00+00:00,0.400346,168.44,459124.49,recent
2024-11-15 00:00:00+00:00,9.303357,3920.61,463045.09,recent
2024-11-16 00:00:00+00:00,-0.072617,-31.76,463013.33,recent
2024-11-17 00:00:00+00:00,0.433351,188.36,463201.69,recent
2024-11-18 00:00:00+00:00,-0.452973,-198.41,463003.28,recent
2024-11-19 00:00:00+00:00,4.325994,1821.61,464824.89,recent
2024-11-20 00:00:00+00:00,17.940646,7977.06,472801.95,recent
2024-11-21 00:00:00+00:00,0.672668,320.95,473122.89,recent
2024-11-22 00:00:00+00:00,-0.032788,-15.69,473107.21,recent
2024-11-23 00:00:00+00:00,0.186974,89.2,473196.41,recent
2024-11-24 00:00:00+00:00,0.868402,415.73,473612.14,recent
2024-11-25 00:00:00+00:00,-0.288594,-138.65,473473.5,recent
2024-11-26 00:00:00+00:00,-1.038058,-486.41,472987.08,recent
2024-11-27 00:00:00+00:00,-0.810308,-346.19,472640.89,recent
2024-11-28 00:00:00+00:00,0.104155,41.45,472682.35,recent
2024-11-29 00:00:00+00:00,0.766698,307.83,472990.17,recent
2024-11-30 00:00:00+00:00,0.116006,49.59,473039.76,recent
2024-12-01 00:00:00+00:00,-0.085676,-34.9,473004.87,recent
2024-12-02 00:00:00+00:00,-0.019043,-7.7,472997.17,recent
2024-12-03 00:00:00+00:00,-0.304899,-123.07,472874.09,recent
2024-12-04 00:00:00+00:00,0.0,0.0,472874.09,recent
2024-12-05 00:00:00+00:00,-0.056456,-22.2,472851.9,recent
2024-12-06 00:00:00+00:00,48.016046,18786.76,491638.66,recent
2024-12-07 00:00:00+00:00,0.0,0.0,491638.66,recent
2024-12-08 00:00:00+00:00,0.0,0.0,491638.66,recent
2024-12-09 00:00:00+00:00,-5.920768,-2860.05,488778.61,recent
2024-12-10 00:00:00+00:00,0.0,0.0,488778.61,recent
2024-12-11 00:00:00+00:00,0.0,0.0,488778.61,recent
2024-12-12 00:00:00+00:00,0.16674,40.69,488819.3,recent
2024-12-13 00:00:00+00:00,0.0,0.0,488819.3,recent
2024-12-14 00:00:00+00:00,0.047368,11.72,488831.02,recent
2024-12-15 00:00:00+00:00,0.0,0.0,488831.02,recent
2024-12-16 00:00:00+00:00,0.588624,146.17,488977.19,recent
2024-12-17 00:00:00+00:00,0.0,0.0,488977.19,recent
2024-12-18 00:00:00+00:00,-3.495459,-909.78,488067.4,recent
2024-12-19 00:00:00+00:00,-0.200553,-37.37,488030.03,recent
2024-12-20 00:00:00+00:00,-2.129583,-390.44,487639.59,recent
2024-12-21 00:00:00+00:00,3.193956,485.44,488125.03,recent
2024-12-22 00:00:00+00:00,0.144094,27.52,488152.55,recent
2024-12-23 00:00:00+00:00,1.910304,369.12,488521.66,recent
2024-12-24 00:00:00+00:00,0.621531,138.68,488660.34,recent
2024-12-25 00:00:00+00:00,1.833507,429.78,489090.12,recent
2024-12-26 00:00:00+00:00,0.069295,18.68,489108.8,recent
2024-12-27 00:00:00+00:00,0.0,0.0,489108.8,recent
2024-12-28 00:00:00+00:00,0.0,0.0,489108.8,recent
2024-12-29 00:00:00+00:00,-0.441554,-119.69,488989.11,recent
2024-12-30 00:00:00+00:00,-1.242594,-324.63,488664.48,recent
2024-12-31 00:00:00+00:00,0.0,0.0,488664.48,recent
2025-01-01 00:00:00+00:00,1.55174,632.02,489296.5,recent
2025-01-02 00:00:00+00:00,-0.663891,-272.11,489024.39,recent
2025-01-03 00:00:00+00:00,0.0,0.0,489024.39,recent
2025-01-04 00:00:00+00:00,1.770108,684.43,489708.82,recent
2025-01-05 00:00:00+00:00,1.578616,649.68,490358.5,recent
2025-01-06 00:00:00+00:00,-0.640153,-265.15,490093.35,recent
2025-01-07 00:00:00+00:00,-2.933045,-1148.51,488944.84,recent
2025-01-08 00:00:00+00:00,-0.317322,-93.57,488851.27,recent
2025-01-09 00:00:00+00:00,0.161292,46.31,488897.57,recent
2025-01-10 00:00:00+00:00,-0.004238,-1.23,488896.34,recent
2025-01-11 00:00:00+00:00,-0.49558,-144.14,488752.2,recent
2025-01-12 00:00:00+00:00,0.0,0.0,488752.2,recent
2025-01-13 00:00:00+00:00,-0.817511,-227.98,488524.22,recent
2025-01-14 00:00:00+00:00,-0.586821,-152.58,488371.64,recent
2025-01-15 00:00:00+00:00,1.431423,354.16,488725.81,recent
2025-01-16 00:00:00+00:00,-0.434736,-120.29,488605.52,recent
2025-01-17 00:00:00+00:00,1.749453,466.62,489072.14,recent
2025-01-18 00:00:00+00:00,1.247759,381.19,489453.33,recent
2025-01-19 00:00:00+00:00,-1.722378,-581.19,488872.14,recent
2025-01-20 00:00:00+00:00,-0.409525,-118.29,488753.86,recent
2025-01-21 00:00:00+00:00,0.297576,83.03,488836.88,recent
2025-01-22 00:00:00+00:00,1.573507,449.87,489286.76,recent
2025-01-23 00:00:00+00:00,-0.266496,-86.2,489200.56,recent
2025-01-24 00:00:00+00:00,0.0,0.0,489200.56,recent
2025-01-25 00:00:00+00:00,0.0,0.0,489200.56,recent
2025-01-26 00:00:00+00:00,0.264425,83.62,489284.18,recent
2025-01-27 00:00:00+00:00,-1.278753,-413.34,488870.84,recent
2025-01-28 00:00:00+00:00,-1.038756,-299.92,488570.92,recent
2025-01-29 00:00:00+00:00,1.135926,299.73,488870.65,recent
2025-01-30 00:00:00+00:00,-0.543958,-157.05,488713.6,recent
2025-01-31 00:00:00+00:00,0.105474,29.08,488742.68,recent
2025-02-01 00:00:00+00:00,0.0,0.0,488742.68,recent
2025-02-02 00:00:00+00:00,1.538366,626.58,489369.26,recent
2025-02-03 00:00:00+00:00,-1.12531,-461.21,488908.05,recent
2025-02-04 00:00:00+00:00,-0.439529,-162.88,488745.17,recent
2025-02-05 00:00:00+00:00,2.481203,885.26,489630.43,recent
2025-02-06 00:00:00+00:00,0.714837,293.74,489924.17,recent
2025-02-07 00:00:00+00:00,0.0,0.0,489924.17,recent
2025-02-08 00:00:00+00:00,0.51788,213.42,490137.59,recent
2025-02-09 00:00:00+00:00,4.399057,1816.73,491954.32,recent
2025-02-10 00:00:00+00:00,0.0,0.0,491954.32,recent
2025-02-11 00:00:00+00:00,0.0,0.0,491954.32,recent
2025-02-12 00:00:00+00:00,-0.492333,-206.97,491747.35,recent
2025-02-13 00:00:00+00:00,0.0,0.0,491747.35,recent
2025-02-14 00:00:00+00:00,0.324803,130.8,491878.16,recent
2025-02-15 00:00:00+00:00,0.636304,263.35,492141.5,recent
2025-02-16 00:00:00+00:00,0.875306,368.63,492510.13,recent
2025-02-17 00:00:00+00:00,0.0,0.0,492510.13,recent
2025-02-18 00:00:00+00:00,0.296953,125.51,492635.64,recent
2025-02-19 00:00:00+00:00,-0.069585,-29.45,492606.19,recent
2025-02-20 00:00:00+00:00,-0.298687,-125.64,492480.55,recent
2025-02-21 00:00:00+00:00,-2.117283,-867.9,491612.66,recent
2025-02-22 00:00:00+00:00,0.541267,182.12,491794.78,recent
2025-02-23 00:00:00+00:00,0.908213,319.5,492114.28,recent
2025-02-24 00:00:00+00:00,-0.366368,-138.77,491975.51,recent
2025-02-25 00:00:00+00:00,3.201343,1175.01,493150.52,recent
2025-02-26 00:00:00+00:00,0.0,0.0,493150.52,recent
2025-02-27 00:00:00+00:00,3.801679,1616.68,494767.19,recent
2025-02-28 00:00:00+00:00,0.266129,114.92,494882.12,recent
2025-03-01 00:00:00+00:00,-1.499954,-610.93,494271.19,recent
2025-03-02 00:00:00+00:00,-3.362198,-1194.75,493076.43,recent
2025-03-03 00:00:00+00:00,-0.068071,-17.39,493059.04,recent
2025-03-04 00:00:00+00:00,0.521704,132.55,493191.59,recent
2025-03-05 00:00:00+00:00,0.0,0.0,493191.59,recent
2025-03-06 00:00:00+00:00,-0.577961,-153.18,493038.41,recent
2025-03-07 00:00:00+00:00,0.911897,230.14,493268.55,recent
2025-03-08 00:00:00+00:00,0.0,0.0,493268.55,recent
2025-03-09 00:00:00+00:00,0.0,0.0,493268.55,recent
2025-03-10 00:00:00+00:00,2.730301,741.02,494009.57,recent
2025-03-11 00:00:00+00:00,-0.908762,-302.88,493706.69,recent
2025-03-12 00:00:00+00:00,0.24089,74.17,493780.86,recent
2025-03-13 00:00:00+00:00,-0.38017,-119.41,493661.45,recent
2025-03-14 00:00:00+00:00,0.0,0.0,493661.45,recent
2025-03-15 00:00:00+00:00,0.0,0.0,493661.45,recent
2025-03-16 00:00:00+00:00,-0.247517,-75.27,493586.18,recent
2025-03-17 00:00:00+00:00,-0.455769,-135.74,493450.44,recent
2025-03-18 00:00:00+00:00,2.726156,781.08,494231.52,recent
2025-03-19 00:00:00+00:00,-0.985516,-346.9,493884.62,recent
2025-03-20 00:00:00+00:00,-0.982726,-317.22,493567.41,recent
2025-03-21 00:00:00+00:00,0.0,0.0,493567.41,recent
2025-03-22 00:00:00+00:00,-0.068517,-20.3,493547.11,recent
2025-03-23 00:00:00+00:00,0.109248,32.18,493579.29,recent
2025-03-24 00:00:00+00:00,0.0,0.0,493579.29,recent
2025-03-25 00:00:00+00:00,-0.299989,-89.17,493490.12,recent
2025-03-26 00:00:00+00:00,-0.59417,-172.2,493317.92,recent
2025-03-27 00:00:00+00:00,0.271214,74.72,493392.64,recent
2025-03-28 00:00:00+00:00,-0.966468,-272.26,493120.38,recent
2025-03-29 00:00:00+00:00,-0.897452,-232.57,492887.81,recent
2025-03-30 00:00:00+00:00,0.0,0.0,492887.81,recent
2025-03-31 00:00:00+00:00,0.626882,150.43,493038.24,recent
2025-04-01 00:00:00+00:00,-1.634534,-653.47,492384.77,recent
2025-04-02 00:00:00+00:00,-0.522976,-180.03,492204.73,recent
2025-04-03 00:00:00+00:00,0.0,0.0,492204.73,recent
2025-04-04 00:00:00+00:00,-0.08516,-28.02,492176.71,recent
2025-04-05 00:00:00+00:00,0.183578,59.98,492236.69,recent
2025-04-06 00:00:00+00:00,-0.043299,-14.36,492222.32,recent
2025-04-07 00:00:00+00:00,0.191498,63.3,492285.62,recent
2025-04-08 00:00:00+00:00,0.316419,106.28,492391.9,recent
2025-04-09 00:00:00+00:00,-1.518106,-523.52,491868.38,recent
2025-04-10 00:00:00+00:00,0.0,0.0,491868.38,recent
2025-04-11 00:00:00+00:00,1.367452,411.42,492279.8,recent
2025-04-12 00:00:00+00:00,-0.918319,-308.0,491971.8,recent
2025-04-13 00:00:00+00:00,0.164818,51.01,492022.81,recent
2025-04-14 00:00:00+00:00,-0.292695,-91.85,491930.96,recent
2025-04-15 00:00:00+00:00,-0.152967,-46.82,491884.14,recent
2025-04-16 00:00:00+00:00,0.0,0.0,491884.14,recent
2025-04-17 00:00:00+00:00,0.0,0.0,491884.14,recent
2025-04-18 00:00:00+00:00,0.0,0.0,491884.14,recent
2025-04-19 00:00:00+00:00,0.304552,92.03,491976.17,recent
2025-04-20 00:00:00+00:00,0.0,0.0,491976.17,recent
2025-04-21 00:00:00+00:00,0.0,0.0,491976.17,recent
2025-04-22 00:00:00+00:00,0.016105,4.99,491981.16,recent
2025-04-23 00:00:00+00:00,1.113245,345.44,492326.6,recent
2025-04-24 00:00:00+00:00,0.0,0.0,492326.6,recent
2025-04-25 00:00:00+00:00,2.58637,877.66,493204.27,recent
2025-04-26 00:00:00+00:00,0.953721,381.93,493586.2,recent
2025-04-27 00:00:00+00:00,1.556883,625.9,494212.1,recent
2025-04-28 00:00:00+00:00,0.043786,17.71,494229.82,recent
2025-04-29 00:00:00+00:00,2.308827,934.25,495164.07,recent
2025-04-30 00:00:00+00:00,0.0,0.0,495164.07,recent
2025-05-01 00:00:00+00:00,-0.615055,-250.51,494913.56,recent
2025-05-02 00:00:00+00:00,0.0,0.0,494913.56,recent
2025-05-03 00:00:00+00:00,0.0,0.0,494913.56,recent
2025-05-04 00:00:00+00:00,-0.720065,-277.89,494635.67,recent
2025-05-05 00:00:00+00:00,-1.38889,-503.24,494132.43,recent
2025-05-06 00:00:00+00:00,0.5165,165.24,494297.67,recent
2025-05-07 00:00:00+00:00,0.0,0.0,494297.67,recent
2025-05-08 00:00:00+00:00,0.0,0.0,494297.67,recent
2025-05-09 00:00:00+00:00,0.0,0.0,494297.67,recent
2025-05-10 00:00:00+00:00,1.044517,348.67,494646.34,recent
2025-05-11 00:00:00+00:00,5.744147,2086.48,496732.81,recent
2025-05-12 00:00:00+00:00,1.641492,679.07,497411.88,recent
2025-05-13 00:00:00+00:00,0.0,0.0,497411.88,recent
2025-05-14 00:00:00+00:00,1.285916,535.53,497947.41,recent
2025-05-15 00:00:00+00:00,4.683462,1960.67,499908.08,recent
2025-05-16 00:00:00+00:00,0.0,0.0,499908.08,recent
2025-05-17 00:00:00+00:00,0.0,0.0,499908.08,recent
2025-05-18 00:00:00+00:00,0.0,0.0,499908.08,recent
2025-05-19 00:00:00+00:00,-0.573294,-244.58,499663.5,recent
2025-05-20 00:00:00+00:00,-0.540795,-219.43,499444.07,recent
2025-05-21 00:00:00+00:00,0.345967,133.92,499577.99,recent
2025-05-22 00:00:00+00:00,11.493047,4579.68,504157.67,recent
2025-05-23 00:00:00+00:00,-2.937647,-1304.11,502853.56,recent
2025-05-24 00:00:00+00:00,-0.034796,-11.61,502841.95,recent
2025-05-25 00:00:00+00:00,-1.176147,-391.29,502450.66,recent
2025-05-26 00:00:00+00:00,0.0,0.0,502450.66,recent
2025-05-27 00:00:00+00:00,0.0,0.0,502450.66,recent
2025-05-28 00:00:00+00:00,-0.013433,-4.03,502446.63,recent
2025-05-29 00:00:00+00:00,-0.89348,-267.84,502178.79,recent
2025-05-30 00:00:00+00:00,-0.315798,-87.66,502091.13,recent
2025-05-31 00:00:00+00:00,0.018181,4.92,502096.05,recent
2025-06-01 00:00:00+00:00,2.1812,888.4,502984.45,recent
2025-06-02 00:00:00+00:00,-0.170639,-70.12,502914.33,recent
2025-06-03 00:00:00+00:00,0.0,0.0,502914.33,recent
2025-06-04 00:00:00+00:00,0.011713,4.74,502919.07,recent
2025-06-05 00:00:00+00:00,3.165755,1283.18,504202.25,recent
2025-06-06 00:00:00+00:00,-0.065904,-27.41,504174.84,recent
2025-06-07 00:00:00+00:00,2.035771,841.86,505016.7,recent
2025-06-08 00:00:00+00:00,-0.517332,-216.86,504799.84,recent
2025-06-09 00:00:00+00:00,-2.262589,-906.58,503893.26,recent
2025-06-10 00:00:00+00:00,0.0,0.0,503893.26,recent
2025-06-11 00:00:00+00:00,-0.779443,-252.62,503640.64,recent
2025-06-12 00:00:00+00:00,-2.017723,-611.36,503029.27,recent
2025-06-13 00:00:00+00:00,-0.773686,-195.23,502834.05,recent
2025-06-14 00:00:00+00:00,0.0,0.0,502834.05,recent
2025-06-15 00:00:00+00:00,0.548072,129.5,502963.55,recent
2025-06-16 00:00:00+00:00,0.0,0.0,502963.55,recent
2025-06-17 00:00:00+00:00,0.0,0.0,502963.55,recent
2025-06-18 00:00:00+00:00,0.0,0.0,502963.55,recent
2025-06-19 00:00:00+00:00,1.333474,329.26,503292.81,recent
2025-06-20 00:00:00+00:00,0.33112,90.76,503383.57,recent
2025-06-21 00:00:00+00:00,0.187373,52.77,503436.33,recent
2025-06-22 00:00:00+00:00,0.0,0.0,503436.33,recent
2025-06-23 00:00:00+00:00,-1.857624,-531.28,502905.06,recent
2025-06-24 00:00:00+00:00,0.722931,175.03,503080.08,recent
2025-06-25 00:00:00+00:00,-0.878587,-225.37,502854.71,recent
2025-06-26 00:00:00+00:00,1.631669,388.29,503243.0,recent
2025-06-27 00:00:00+00:00,-0.505721,-136.53,503106.47,recent
2025-06-28 00:00:00+00:00,3.25509,842.08,503948.55,recent
2025-06-29 00:00:00+00:00,0.0,0.0,503948.55,recent
2025-06-30 00:00:00+00:00,-2.822572,-927.88,503020.67,recent
2025-07-01 00:00:00+00:00,-1.412689,-575.39,502445.28,recent
2025-07-02 00:00:00+00:00,-1.221976,-437.9,502007.38,recent
2025-07-03 00:00:00+00:00,0.0,0.0,502007.38,recent
2025-07-04 00:00:00+00:00,-2.534932,-814.9,501192.48,recent
2025-07-05 00:00:00+00:00,-0.313298,-79.47,501113.01,recent
2025-07-06 00:00:00+00:00,0.0,0.0,501113.01,recent
2025-07-07 00:00:00+00:00,-1.181578,-291.96,500821.05,recent
2025-07-08 00:00:00+00:00,0.0,0.0,500821.05,recent
2025-07-09 00:00:00+00:00,1.326991,296.05,501117.1,recent
2025-07-10 00:00:00+00:00,0.0,0.0,501117.1,recent
2025-07-11 00:00:00+00:00,0.0,0.0,501117.1,recent
2025-07-12 00:00:00+00:00,7.122883,1762.44,502879.55,recent
2025-07-13 00:00:00+00:00,0.910459,359.86,503239.4,recent
2025-07-14 00:00:00+00:00,0.0,0.0,503239.4,recent
2025-07-15 00:00:00+00:00,-0.984758,-401.97,502837.43,recent
2025-07-16 00:00:00+00:00,14.491602,5419.0,508256.43,recent
2025-07-17 00:00:00+00:00,4.600776,1972.01,510228.44,recent
2025-07-18 00:00:00+00:00,0.293888,128.33,510356.77,recent
2025-07-19 00:00:00+00:00,1.455619,636.37,510993.14,recent
2025-07-20 00:00:00+00:00,0.953283,419.23,511412.36,recent
2025-07-21 00:00:00+00:00,0.0,0.0,511412.36,recent
2025-07-22 00:00:00+00:00,-0.685609,-302.68,511109.68,recent
2025-07-23 00:00:00+00:00,10.5413,4381.59,515491.26,recent
2025-07-24 00:00:00+00:00,2.016637,923.81,516415.07,recent
2025-07-25 00:00:00+00:00,0.718437,331.81,516746.89,recent
2025-07-26 00:00:00+00:00,0.0,0.0,516746.89,recent
2025-07-27 00:00:00+00:00,0.0,0.0,516746.89,recent
2025-07-28 00:00:00+00:00,-0.687054,-318.25,516428.64,recent
2025-07-29 00:00:00+00:00,0.0,0.0,516428.64,recent
2025-07-30 00:00:00+00:00,0.493651,215.26,516643.9,recent
2025-07-31 00:00:00+00:00,0.029825,13.55,516657.45,recent
2025-08-01 00:00:00+00:00,7.196197,2931.01,519588.46,recent
2025-08-02 00:00:00+00:00,0.879643,368.78,519957.24,recent
2025-08-03 00:00:00+00:00,0.622235,261.8,520219.04,recent
2025-08-04 00:00:00+00:00,-2.041609,-861.16,519357.88,recent
2025-08-05 00:00:00+00:00,0.0,0.0,519357.88,recent
2025-08-06 00:00:00+00:00,0.752758,262.51,519620.39,recent
2025-08-07 00:00:00+00:00,-1.408675,-522.45,519097.93,recent
2025-08-08 00:00:00+00:00,5.472225,1788.89,520886.82,recent
2025-08-09 00:00:00+00:00,1.839678,780.99,521667.81,recent
2025-08-10 00:00:00+00:00,2.756977,1179.18,522846.99,recent
2025-08-11 00:00:00+00:00,-2.261418,-978.09,521868.91,recent
2025-08-12 00:00:00+00:00,0.0,0.0,521868.91,recent
2025-08-13 00:00:00+00:00,0.0,0.0,521868.91,recent
2025-08-14 00:00:00+00:00,2.628764,918.98,522787.88,recent
2025-08-15 00:00:00+00:00,1.202534,514.03,523301.91,recent
2025-08-16 00:00:00+00:00,0.481874,209.31,523511.22,recent
2025-08-17 00:00:00+00:00,0.0,0.0,523511.22,recent
2025-08-18 00:00:00+00:00,-3.718444,-1618.32,521892.9,recent
2025-08-19 00:00:00+00:00,-0.975274,-291.4,521601.49,recent
2025-08-20 00:00:00+00:00,-0.608086,-167.01,521434.48,recent
2025-08-21 00:00:00+00:00,2.00041,521.85,521956.34,recent
2025-08-22 00:00:00+00:00,-6.187708,-1881.46,520074.88,recent
2025-08-23 00:00:00+00:00,1.44675,217.44,520292.32,recent
2025-08-24 00:00:00+00:00,-1.106572,-185.67,520106.64,recent
2025-08-25 00:00:00+00:00,-1.826646,-279.2,519827.44,recent
2025-08-26 00:00:00+00:00,0.0,0.0,519827.44,recent
2025-08-27 00:00:00+00:00,0.0,0.0,519827.44,recent
2025-08-28 00:00:00+00:00,-0.202658,-26.44,519801.0,recent
2025-08-29 00:00:00+00:00,-0.65934,-84.64,519716.37,recent
2025-08-30 00:00:00+00:00,0.0,0.0,519716.37,recent
2025-08-31 00:00:00+00:00,0.0,0.0,519716.37,recent
2025-09-01 00:00:00+00:00,0.229117,93.32,519809.69,recent
2025-09-02 00:00:00+00:00,0.0,0.0,519809.69,recent
2025-09-03 00:00:00+00:00,-0.620052,-252.78,519556.9,recent
2025-09-04 00:00:00+00:00,0.0,0.0,519556.9,recent
2025-09-05 00:00:00+00:00,-1.235889,-477.19,519079.71,recent
2025-09-06 00:00:00+00:00,1.759056,608.07,519687.78,recent
2025-09-07 00:00:00+00:00,-0.868602,-345.07,519342.71,recent
2025-09-08 00:00:00+00:00,1.526162,561.5,519904.21,recent
2025-09-09 00:00:00+00:00,0.0,0.0,519904.21,recent
2025-09-10 00:00:00+00:00,0.726633,296.51,520200.73,recent
2025-09-11 00:00:00+00:00,1.156693,473.4,520674.13,recent
2025-09-12 00:00:00+00:00,0.428392,176.16,520850.28,recent
2025-09-13 00:00:00+00:00,0.413724,170.42,521020.7,recent
2025-09-14 00:00:00+00:00,3.434213,1417.0,522437.7,recent
2025-09-15 00:00:00+00:00,-0.122167,-51.11,522386.59,recent
2025-09-16 00:00:00+00:00,0.0,0.0,522386.59,recent
2025-09-17 00:00:00+00:00,0.066604,27.58,522414.17,recent
2025-09-18 00:00:00+00:00,0.241544,100.57,522514.74,recent
2025-09-19 00:00:00+00:00,-1.516653,-635.02,521879.72,recent
2025-09-20 00:00:00+00:00,0.0,0.0,521879.72,recent
2025-09-21 00:00:00+00:00,1.351463,492.88,522372.6,recent
2025-09-22 00:00:00+00:00,-1.448934,-589.07,521783.53,recent
2025-09-23 00:00:00+00:00,0.0,0.0,521783.53,recent
2025-09-24 00:00:00+00:00,5.03232,1794.42,523577.95,recent
2025-09-25 00:00:00+00:00,1.139536,482.06,524060.0,recent
2025-09-26 00:00:00+00:00,0.0,0.0,524060.0,recent
2025-09-27 00:00:00+00:00,0.0,0.0,524060.0,recent
2025-09-28 00:00:00+00:00,6.30436,2679.3,526739.3,recent
2025-09-29 00:00:00+00:00,0.676089,294.71,527034.01,recent
2025-09-30 00:00:00+00:00,0.0,0.0,527034.01,recent
2025-10-01 00:00:00+00:00,-2.368458,-964.67,526069.34,recent
2025-10-02 00:00:00+00:00,-0.103531,-33.7,526035.64,recent
2025-10-03 00:00:00+00:00,-1.000218,-322.79,525712.85,recent
2025-10-04 00:00:00+00:00,1.830098,541.19,526254.04,recent
2025-10-05 00:00:00+00:00,2.592284,884.18,527138.22,recent
2025-10-06 00:00:00+00:00,2.314825,943.81,528082.03,recent
2025-10-07 00:00:00+00:00,-2.961273,-1218.77,526863.27,recent
2025-10-08 00:00:00+00:00,1.580223,487.53,527350.8,recent
2025-10-09 00:00:00+00:00,2.187587,764.46,528115.26,recent
2025-10-10 00:00:00+00:00,-3.228485,-1329.18,526786.08,recent
2025-10-11 00:00:00+00:00,0.0,0.0,526786.08,recent
2025-10-12 00:00:00+00:00,4.225421,1265.26,528051.34,recent
2025-10-13 00:00:00+00:00,0.721546,293.12,528344.46,recent
2025-10-14 00:00:00+00:00,-0.634396,-261.78,528082.68,recent
2025-10-15 00:00:00+00:00,0.0,0.0,528082.68,recent
2025-10-16 00:00:00+00:00,4.801678,1874.11,529956.79,recent
2025-10-17 00:00:00+00:00,2.07561,870.1,530826.89,recent
2025-10-18 00:00:00+00:00,0.0,0.0,530826.89,recent
2025-10-19 00:00:00+00:00,0.0,0.0,530826.89,recent
2025-10-20 00:00:00+00:00,0.0,0.0,530826.89,recent
2025-10-21 00:00:00+00:00,0.0,0.0,530826.89,recent
2025-10-22 00:00:00+00:00,0.0,0.0,530826.89,recent
2025-10-23 00:00:00+00:00,4.456927,1884.16,532711.05,recent
2025-10-24 00:00:00+00:00,1.365477,587.73,533298.78,recent
2025-10-25 00:00:00+00:00,0.0,0.0,533298.78,recent
2025-10-26 00:00:00+00:00,0.0,0.0,533298.78,recent
2025-10-27 00:00:00+00:00,-1.706119,-738.44,532560.35,recent
2025-10-28 00:00:00+00:00,-1.409093,-521.47,532038.88,recent
2025-10-29 00:00:00+00:00,0.0,0.0,532038.88,recent
2025-10-30 00:00:00+00:00,-0.353127,-115.21,531923.66,recent
2025-10-31 00:00:00+00:00,0.0,0.0,531923.66,recent
2025-11-01 00:00:00+00:00,0.0,0.0,531923.66,recent
2025-11-02 00:00:00+00:00,0.071574,29.15,531952.82,recent
2025-11-03 00:00:00+00:00,0.0,0.0,531952.82,recent
2025-11-04 00:00:00+00:00,0.0,0.0,531952.82,recent
2025-11-05 00:00:00+00:00,0.0,0.0,531952.82,recent
2025-11-06 00:00:00+00:00,5.46282,2225.66,534178.47,recent
2025-11-07 00:00:00+00:00,0.194283,80.92,534259.39,recent
2025-11-08 00:00:00+00:00,5.214095,2173.3,536432.69,recent
2025-11-09 00:00:00+00:00,3.740558,1592.23,538024.92,recent
2025-11-10 00:00:00+00:00,-0.525342,-227.03,537797.89,recent
2025-11-11 00:00:00+00:00,0.0,0.0,537797.89,recent
2025-11-12 00:00:00+00:00,-0.818653,-337.92,537459.97,recent
2025-11-13 00:00:00+00:00,2.454309,942.64,538402.61,recent
2025-11-14 00:00:00+00:00,0.0,0.0,538402.61,recent
2025-11-15 00:00:00+00:00,0.0,0.0,538402.61,recent
2025-11-16 00:00:00+00:00,0.42219,183.1,538585.71,recent
2025-11-17 00:00:00+00:00,0.0,0.0,538585.71,recent
2025-11-18 00:00:00+00:00,-1.052806,-457.38,538128.34,recent
2025-11-19 00:00:00+00:00,0.0,0.0,538128.34,recent
2025-11-20 00:00:00+00:00,3.165017,1251.68,539380.02,recent
2025-11-21 00:00:00+00:00,0.0,0.0,539380.02,recent
2025-11-22 00:00:00+00:00,0.713667,312.35,539692.37,recent
2025-11-23 00:00:00+00:00,0.333077,146.2,539838.57,recent
2025-11-24 00:00:00+00:00,-1.114075,-489.68,539348.89,recent
2025-11-25 00:00:00+00:00,-0.416332,-165.63,539183.26,recent
2025-11-26 00:00:00+00:00,-0.609245,-233.84,538949.42,recent
2025-11-27 00:00:00+00:00,1.108897,403.73,539353.15,recent
2025-11-28 00:00:00+00:00,0.0,0.0,539353.15,recent
2025-11-29 00:00:00+00:00,0.580259,231.06,539584.21,recent
2025-11-30 00:00:00+00:00,-0.207,-86.49,539497.72,recent
2025-12-01 00:00:00+00:00,-0.197515,-80.45,539417.27,recent
2025-12-02 00:00:00+00:00,-4.912017,-1966.89,537450.38,recent
2025-12-03 00:00:00+00:00,-0.896025,-211.1,537239.28,recent
2025-12-04 00:00:00+00:00,-0.700007,-152.8,537086.48,recent
2025-12-05 00:00:00+00:00,-1.653051,-340.19,536746.29,recent
2025-12-06 00:00:00+00:00,0.0,0.0,536746.29,recent
2025-12-07 00:00:00+00:00,0.0,0.0,536746.29,recent
2025-12-08 00:00:00+00:00,0.0,0.0,536746.29,recent
2025-12-09 00:00:00+00:00,0.022517,4.01,536750.3,recent
2025-12-10 00:00:00+00:00,0.0,0.0,536750.3,recent
2025-12-11 00:00:00+00:00,0.0,0.0,536750.3,recent
2025-12-12 00:00:00+00:00,-0.596424,-106.43,536643.87,recent
2025-12-13 00:00:00+00:00,1.782381,302.71,536946.58,recent
2025-12-14 00:00:00+00:00,0.0,0.0,536946.58,recent
2025-12-15 00:00:00+00:00,-0.686437,-133.44,536813.14,recent
2025-12-16 00:00:00+00:00,0.0,0.0,536813.14,recent
2025-12-17 00:00:00+00:00,-3.176717,-583.09,536230.05,recent
2025-12-18 00:00:00+00:00,0.343387,46.87,536276.92,recent
2025-12-19 00:00:00+00:00,-3.449275,-483.82,535793.11,recent
2025-12-20 00:00:00+00:00,-0.106251,-10.8,535782.31,recent
2025-12-21 00:00:00+00:00,0.0,0.0,535782.31,recent
2025-12-22 00:00:00+00:00,-0.177259,-17.86,535764.45,recent
2025-12-23 00:00:00+00:00,0.0,0.0,535764.45,recent
2025-12-24 00:00:00+00:00,-0.015933,-1.58,535762.87,recent
2025-12-25 00:00:00+00:00,0.0,0.0,535762.87,recent
2025-12-26 00:00:00+00:00,-2.02511,-200.91,535561.96,recent
2025-12-27 00:00:00+00:00,0.0,0.0,535561.96,recent
2025-12-28 00:00:00+00:00,-0.030196,-2.51,535559.44,recent
2025-12-29 00:00:00+00:00,-1.663759,-138.23,535421.22,recent
2025-12-30 00:00:00+00:00,0.0,0.0,535421.22,recent
2025-12-31 00:00:00+00:00,0.0,0.0,535421.22,recent
2026-01-01 00:00:00+00:00,-1.408911,-550.46,534870.76,recent
2026-01-02 00:00:00+00:00,-0.809329,-278.31,534592.45,recent
2026-01-03 00:00:00+00:00,0.0,0.0,534592.45,recent
2026-01-04 00:00:00+00:00,0.0,0.0,534592.45,recent
2026-01-05 00:00:00+00:00,7.458555,2389.67,536982.12,recent
2026-01-06 00:00:00+00:00,0.268841,106.74,537088.87,recent
2026-01-07 00:00:00+00:00,-0.901397,-358.3,536730.57,recent
2026-01-08 00:00:00+00:00,-1.369482,-502.53,536228.04,recent
2026-01-09 00:00:00+00:00,6.505102,2110.76,538338.81,recent
2026-01-10 00:00:00+00:00,-0.064736,-26.06,538312.75,recent
2026-01-11 00:00:00+00:00,0.0,0.0,538312.75,recent
2026-01-12 00:00:00+00:00,0.0,0.0,538312.75,recent
2026-01-13 00:00:00+00:00,-0.964509,-386.14,537926.6,recent
2026-01-14 00:00:00+00:00,0.0,0.0,537926.6,recent
2026-01-15 00:00:00+00:00,0.0,0.0,537926.6,recent
2026-01-16 00:00:00+00:00,6.549386,2406.66,540333.26,recent
2026-01-17 00:00:00+00:00,1.028961,422.6,540755.86,recent
2026-01-18 00:00:00+00:00,-0.380861,-157.08,540598.78,recent
2026-01-19 00:00:00+00:00,-1.71853,-685.71,539913.07,recent
2026-01-20 00:00:00+00:00,-1.658184,-565.29,539347.78,recent
2026-01-21 00:00:00+00:00,1.386663,407.1,539754.88,recent
2026-01-22 00:00:00+00:00,0.0,0.0,539754.88,recent
2026-01-23 00:00:00+00:00,1.625155,532.42,540287.3,recent
2026-01-24 00:00:00+00:00,0.0,0.0,540287.3,recent
2026-01-25 00:00:00+00:00,3.402089,1267.36,541554.66,recent
2026-01-26 00:00:00+00:00,-2.184064,-907.87,540646.8,recent
2026-01-27 00:00:00+00:00,1.562081,529.05,541175.85,recent
2026-01-28 00:00:00+00:00,0.200258,76.78,541252.62,recent
2026-01-29 00:00:00+00:00,0.0,0.0,541252.62,recent
2026-01-30 00:00:00+00:00,1.442391,562.41,541815.04,recent
2026-01-31 00:00:00+00:00,0.0,0.0,541815.04,recent
2026-02-01 00:00:00+00:00,12.592329,5128.86,546943.89,recent
2026-02-02 00:00:00+00:00,2.143532,917.84,547861.73,recent
2026-02-03 00:00:00+00:00,7.721205,3335.01,551196.74,recent
2026-02-04 00:00:00+00:00,0.0,0.0,551196.74,recent
2026-02-05 00:00:00+00:00,2.902847,1293.25,552489.99,recent
2026-02-06 00:00:00+00:00,4.618318,2081.84,554571.83,recent
2026-02-07 00:00:00+00:00,1.74015,799.18,555371.01,recent
2026-02-08 00:00:00+00:00,-0.153103,-70.81,555300.19,recent
2026-02-09 00:00:00+00:00,0.0,0.0,555300.19,recent
2026-02-10 00:00:00+00:00,0.0,0.0,555300.19,recent
2026-02-11 00:00:00+00:00,0.0,0.0,555300.19,recent
2026-02-12 00:00:00+00:00,0.147302,67.24,555367.43,recent
2026-02-13 00:00:00+00:00,0.0,0.0,555367.43,recent
2026-02-14 00:00:00+00:00,0.275154,127.18,555494.61,recent
2026-02-15 00:00:00+00:00,-0.518641,-240.14,555254.47,recent
2026-02-16 00:00:00+00:00,-0.08264,-36.57,555217.9,recent
2026-02-17 00:00:00+00:00,6.338714,2785.26,558003.16,recent
2026-02-18 00:00:00+00:00,0.777537,367.96,558371.11,recent
2026-02-19 00:00:00+00:00,3.670858,1742.68,560113.79,recent
2026-02-20 00:00:00+00:00,0.0,0.0,560113.79,recent
2026-02-21 00:00:00+00:00,0.0,0.0,560113.79,recent
2026-02-22 00:00:00+00:00,0.0,0.0,560113.79,recent
2026-02-23 00:00:00+00:00,-1.84985,-891.32,559222.48,recent
2026-02-24 00:00:00+00:00,6.865263,2788.27,562010.74,recent
2026-02-25 00:00:00+00:00,-1.914832,-937.42,561073.32,recent
2026-02-26 00:00:00+00:00,-1.100815,-451.3,560622.02,recent
2026-02-27 00:00:00+00:00,-1.378203,-512.81,560109.21,recent
2026-02-28 00:00:00+00:00,-0.170755,-56.24,560052.97,recent
2026-03-01 00:00:00+00:00,1.820365,741.43,560794.41,recent
2026-03-02 00:00:00+00:00,0.0,0.0,560794.41,recent
2026-03-03 00:00:00+00:00,-0.756725,-310.5,560483.91,recent
2026-03-04 00:00:00+00:00,0.0,0.0,560483.91,recent
2026-03-05 00:00:00+00:00,-0.725233,-278.37,560205.53,recent
2026-03-06 00:00:00+00:00,-0.727146,-261.94,559943.59,recent
2026-03-07 00:00:00+00:00,-0.084102,-28.44,559915.16,recent
2026-03-08 00:00:00+00:00,-0.541471,-181.79,559733.36,recent
2026-03-09 00:00:00+00:00,-0.631673,-202.44,559530.93,recent
2026-03-10 00:00:00+00:00,-0.498905,-151.44,559379.49,recent
2026-03-11 00:00:00+00:00,0.0,0.0,559379.49,recent
2026-03-12 00:00:00+00:00,0.0,0.0,559379.49,recent
2026-03-13 00:00:00+00:00,0.044998,13.09,559392.58,recent
2026-03-14 00:00:00+00:00,-1.459494,-426.18,558966.4,recent
2026-03-15 00:00:00+00:00,0.665327,170.77,559137.16,recent
2026-03-16 00:00:00+00:00,0.102051,27.63,559164.8,recent
2026-03-17 00:00:00+00:00,-0.132955,-36.31,559128.49,recent
2026-03-18 00:00:00+00:00,-0.596671,-161.14,558967.35,recent
2026-03-19 00:00:00+00:00,-2.461015,-631.85,558335.49,recent
2026-03-20 00:00:00+00:00,0.0,0.0,558335.49,recent
2026-03-21 00:00:00+00:00,0.0,0.0,558335.49,recent
2026-03-22 00:00:00+00:00,0.625819,128.22,558463.72,recent
2026-03-23 00:00:00+00:00,-2.899639,-624.47,557839.25,recent
2026-03-24 00:00:00+00:00,0.0,0.0,557839.25,recent
2026-03-25 00:00:00+00:00,0.0,0.0,557839.25,recent
2026-03-26 00:00:00+00:00,-0.249588,-41.09,557798.16,recent
2026-03-27 00:00:00+00:00,-0.362701,-58.5,557739.66,recent
2026-03-28 00:00:00+00:00,0.0,0.0,557739.66,recent
2026-03-29 00:00:00+00:00,0.181265,28.38,557768.04,recent
2026-03-30 00:00:00+00:00,-1.236056,-196.37,557571.67,recent
2026-03-31 00:00:00+00:00,0.0,0.0,557571.67,recent
2026-04-01 00:00:00+00:00,-0.460855,-183.05,557388.62,recent
2026-04-02 00:00:00+00:00,1.886785,719.93,558108.55,recent
2026-04-03 00:00:00+00:00,0.567122,226.5,558335.05,recent
2026-04-04 00:00:00+00:00,0.0,0.0,558335.05,recent
2026-04-05 00:00:00+00:00,-0.121934,-48.81,558286.23,recent
2026-04-06 00:00:00+00:00,-1.685793,-667.79,557618.44,recent
2026-04-07 00:00:00+00:00,-0.444697,-150.95,557467.5,recent
2026-04-08 00:00:00+00:00,-0.961312,-314.08,557153.41,recent
2026-04-09 00:00:00+00:00,-0.67956,-204.13,556949.28,recent
2026-04-10 00:00:00+00:00,0.096668,27.39,556976.67,recent
2026-04-11 00:00:00+00:00,0.0,0.0,556976.67,recent
2026-04-12 00:00:00+00:00,-0.239553,-68.43,556908.24,recent
2026-04-13 00:00:00+00:00,0.0,0.0,556908.24,recent
2026-04-14 00:00:00+00:00,-0.571085,-159.88,556748.37,recent
2026-04-15 00:00:00+00:00,-0.219441,-58.52,556689.85,recent
2026-04-16 00:00:00+00:00,-0.363579,-95.2,556594.65,recent
2026-04-17 00:00:00+00:00,0.0,0.0,556594.65,recent
2026-04-18 00:00:00+00:00,-4.521794,-1148.32,555446.33,recent
2026-04-19 00:00:00+00:00,-1.667012,-266.95,555179.38,recent
2026-04-20 00:00:00+00:00,-0.054527,-7.56,555171.82,recent
2026-04-21 00:00:00+00:00,0.635129,87.67,555259.49,recent
2026-04-22 00:00:00+00:00,0.0,0.0,555259.49,recent
2026-04-23 00:00:00+00:00,-0.478818,-69.47,555190.02,recent
2026-04-24 00:00:00+00:00,0.334497,46.66,555236.68,recent
2026-04-25 00:00:00+00:00,0.0,0.0,555236.68,recent
2026-04-26 00:00:00+00:00,0.0,0.0,555236.68,recent
2026-04-27 00:00:00+00:00,-1.024021,-146.69,555090.0,recent
2026-04-28 00:00:00+00:00,0.0,0.0,555090.0,recent
2026-04-29 00:00:00+00:00,-0.771097,-101.38,554988.62,recent
2026-04-30 00:00:00+00:00,0.45826,56.53,555045.15,recent
2026-05-01 00:00:00+00:00,-0.818062,-316.51,554728.64,recent
2026-05-02 00:00:00+00:00,0.541392,194.86,554923.49,recent
2026-05-03 00:00:00+00:00,0.0,0.0,554923.49,recent
2026-05-04 00:00:00+00:00,-4.865833,-1832.04,553091.46,recent
2026-05-05 00:00:00+00:00,-0.490499,-109.42,552982.04,recent
2026-05-06 00:00:00+00:00,-0.221871,-47.5,552934.54,recent
2026-05-07 00:00:00+00:00,0.127983,26.9,552961.44,recent
2026-05-08 00:00:00+00:00,0.828917,176.06,553137.5,recent
2026-05-09 00:00:00+00:00,-0.714496,-162.09,552975.41,recent
2026-05-10 00:00:00+00:00,0.0,0.0,552975.41,recent
2026-05-11 00:00:00+00:00,9.080341,1939.07,554914.49,recent
2026-05-12 00:00:00+00:00,1.133117,425.76,555340.25,recent
2026-05-13 00:00:00+00:00,-1.297018,-503.38,554836.87,recent
2026-05-14 00:00:00+00:00,-1.956877,-675.64,554161.22,recent
2026-05-15 00:00:00+00:00,0.26896,77.58,554238.81,recent
2026-05-16 00:00:00+00:00,-2.344756,-691.55,553547.26,recent
2026-05-17 00:00:00+00:00,-1.449685,-344.29,553202.97,recent
2026-05-18 00:00:00+00:00,3.883099,812.35,554015.32,recent
2026-05-19 00:00:00+00:00,0.476602,131.68,554147.0,recent
2026-05-20 00:00:00+00:00,0.52457,150.69,554297.69,recent
2026-05-21 00:00:00+00:00,-0.884133,-265.12,554032.57,recent
2026-05-22 00:00:00+00:00,0.398801,110.75,554143.32,recent
2026-05-23 00:00:00+00:00,-6.899089,-1979.72,552163.61,recent
2026-05-24 00:00:00+00:00,0.689373,86.19,552249.8,recent
2026-05-25 00:00:00+00:00,0.019363,2.55,552252.35,recent
2026-05-26 00:00:00+00:00,1.503488,198.67,552451.02,recent
2026-05-27 00:00:00+00:00,-1.425351,-211.12,552239.9,recent
2026-05-28 00:00:00+00:00,-1.345819,-176.49,552063.41,recent
2026-05-29 00:00:00+00:00,0.0,0.0,552063.41,recent
2026-05-30 00:00:00+00:00,1.687609,197.46,552260.87,recent
2026-05-31 00:00:00+00:00,0.652432,86.66,552347.53,recent
2026-06-01 00:00:00+00:00,0.0,0.0,552347.53,recent
2026-06-02 00:00:00+00:00,0.558415,209.92,552557.45,recent
2026-06-03 00:00:00+00:00,1.911484,720.19,553277.64,recent
2026-06-04 00:00:00+00:00,11.079237,4206.83,557484.47,recent
2026-06-05 00:00:00+00:00,11.709657,4646.84,562131.31,recent
2026-06-06 00:00:00+00:00,0.533783,221.93,562353.24,recent
2026-06-07 00:00:00+00:00,-0.314168,-130.9,562222.34,recent
2026-06-08 00:00:00+00:00,-0.153374,-62.19,562160.15,recent
2026-06-09 00:00:00+00:00,2.082651,833.44,562993.59,recent
2026-06-10 00:00:00+00:00,2.451279,1027.77,564021.35,recent
2026-06-11 00:00:00+00:00,9.314012,3944.14,567965.49,recent
2026-06-12 00:00:00+00:00,-0.103044,-45.29,567920.2,recent
2026-06-13 00:00:00+00:00,0.0,0.0,567920.2,recent
2026-06-14 00:00:00+00:00,0.0,0.0,567920.2,recent
2026-06-15 00:00:00+00:00,6.034763,2629.08,570549.28,recent
2026-06-16 00:00:00+00:00,7.5383,3392.62,573941.9,recent
2026-06-17 00:00:00+00:00,-0.574044,-266.28,573675.62,recent
2026-06-18 00:00:00+00:00,0.597061,263.39,573939.01,recent
2026-06-19 00:00:00+00:00,0.0,0.0,573939.01,recent
2026-06-20 00:00:00+00:00,0.0,0.0,573939.01,recent
2026-06-21 00:00:00+00:00,-0.934905,-433.44,573505.57,recent
2026-06-22 00:00:00+00:00,0.0,0.0,573505.57,recent
2026-06-23 00:00:00+00:00,0.0,0.0,573505.57,recent
2026-06-24 00:00:00+00:00,0.0,0.0,573505.57,recent
2026-06-25 00:00:00+00:00,1.378562,588.21,574093.78,recent
2026-06-26 00:00:00+00:00,1.495145,694.48,574788.26,recent
2026-06-27 00:00:00+00:00,2.877516,1344.71,576132.97,recent
2026-06-28 00:00:00+00:00,0.0,0.0,576132.97,recent
2026-06-29 00:00:00+00:00,0.0,0.0,576132.97,recent
2026-06-30 00:00:00+00:00,-0.31234,-147.67,575985.3,recent
2026-07-01 00:00:00+00:00,0.011743,4.78,575990.08,recent
2026-07-02 00:00:00+00:00,2.630999,1071.66,577061.74,recent
2026-07-03 00:00:00+00:00,-0.694561,-285.94,576775.8,recent
2026-07-04 00:00:00+00:00,-0.136331,-52.8,576723.0,recent
2026-07-05 00:00:00+00:00,0.602317,230.57,576953.56,recent
2026-07-06 00:00:00+00:00,-0.109305,-43.99,576909.58,recent
2026-07-07 00:00:00+00:00,-1.246469,-496.95,576412.62,recent
2026-07-08 00:00:00+00:00,-1.425395,-508.16,575904.47,recent
2026-07-09 00:00:00+00:00,0.755651,237.11,576141.57,recent
2026-07-10 00:00:00+00:00,0.112996,37.7,576179.28,recent
2026-07-11 00:00:00+00:00,0.0,0.0,576179.28,recent
2026-07-12 00:00:00+00:00,0.0,0.0,576179.28,recent
2026-07-13 00:00:00+00:00,0.0,0.0,576179.28,recent
2026-07-14 00:00:00+00:00,-2.034412,-685.26,575494.02,recent
2026-07-15 00:00:00+00:00,-0.381239,-106.58,575387.43,recent
2026-07-16 00:00:00+00:00,-2.977179,-806.03,574581.41,recent
2026-07-17 00:00:00+00:00,-0.244645,-50.03,574531.38,recent
2026-07-18 00:00:00+00:00,0.0,0.0,574531.38,recent
2026-07-19 00:00:00+00:00,0.0,0.0,574531.38,recent
2026-07-20 00:00:00+00:00,-0.22362,-44.82,574486.56,recent
2026-07-21 00:00:00+00:00,0.551845,108.58,574595.15,recent
2026-07-22 00:00:00+00:00,0.0,0.0,574595.15,recent
2026-07-23 00:00:00+00:00,-4.520283,-929.43,573665.72,recent
2026-07-24 00:00:00+00:00,0.0,0.0,573665.72,recent
2026-07-25 00:00:00+00:00,-1.76258,-230.03,573435.69,recent
2026-07-26 00:00:00+00:00,-3.050513,-342.07,573093.62,recent
2026-07-27 00:00:00+00:00,0.525666,44.67,573138.29,recent
2026-07-28 00:00:00+00:00,0.0,0.0,573138.29,recent
2026-07-29 00:00:00+00:00,-1.555301,-137.65,573000.63,recent
2026-07-30 00:00:00+00:00,-1.2124,-94.1,572906.53,recent
2026-07-31 00:00:00+00:00,7.225579,507.18,573413.71,recent
